imdb_id,imdb_link,title,imdb_score,genre,poster
114709,http://www.imdb.com/title/tt114709,Toy Story (1995),8.3,Animation|Adventure|Comedy,"https://images-na.ssl-images-amazon.com/images/M/MV5BMDU2ZWJlMjktMTRhMy00ZTA5LWEzNDgtYmNmZTEwZTViZWJkXkEyXkFqcGdeQXVyNDQ2OTk4MzI@._V1_UX182_CR0,0,182,268_AL_.jpg"
113497,http://www.imdb.com/title/tt113497,Jumanji (1995),6.9,Action|Adventure|Family,"https://images-na.ssl-images-amazon.com/images/M/MV5BZTk2ZmUwYmEtNTcwZS00YmMyLWFkYjMtNTRmZDA3YWExMjc2XkEyXkFqcGdeQXVyMTQxNzMzNDI@._V1_UY268_CR10,0,182,268_AL_.jpg"
113228,http://www.imdb.com/title/tt113228,Grumpier Old Men (1995),6.6,Comedy|Romance,"https://images-na.ssl-images-amazon.com/images/M/MV5BMjQxM2YyNjMtZjUxYy00OGYyLTg0MmQtNGE2YzNjYmUyZTY1XkEyXkFqcGdeQXVyMTQxNzMzNDI@._V1_UX182_CR0,0,182,268_AL_.jpg"
114885,http://www.imdb.com/title/tt114885,Waiting to Exhale (1995),5.7,Comedy|Drama|Romance,"https://images-na.ssl-images-amazon.com/images/M/MV5BMTczMTMyMTgyM15BMl5BanBnXkFtZTcwOTc4OTQyMQ@@._V1_UY268_CR4,0,182,268_AL_.jpg"
113041,http://www.imdb.com/title/tt113041,Father of the Bride Part II (1995),5.9,Comedy|Family|Romance,"https://images-na.ssl-images-amazon.com/images/M/MV5BOTEyNzg5NjYtNDU4OS00MWYxLWJhMTItYWU4NTkyNDBmM2Y0XkEyXkFqcGdeQXVyMTQxNzMzNDI@._V1_UX182_CR0,0,182,268_AL_.jpg"
113277,http://www.imdb.com/title/tt113277,Heat (1995),8.2,Action|Crime|Drama,"https://images-na.ssl-images-amazon.com/images/M/MV5BNGMwNzUwNjYtZWM5NS00YzMyLWI4NjAtNjM0ZDBiMzE1YWExXkEyXkFqcGdeQXVyNDk3NzU2MTQ@._V1_UX182_CR0,0,182,268_AL_.jpg"
114319,http://www.imdb.com/title/tt114319,Sabrina (1995),6.3,Comedy|Drama,"https://images-na.ssl-images-amazon.com/images/M/MV5BMTA3OTQ2NTk2ODNeQTJeQWpwZ15BbWU4MDQ3NTM4MDMx._V1_UX182_CR0,0,182,268_AL_.jpg"
112302,http://www.imdb.com/title/tt112302,Tom and Huck (1995),5.6,Adventure|Comedy|Drama,"https://images-na.ssl-images-amazon.com/images/M/MV5BMTUxNDYzMDY1OV5BMl5BanBnXkFtZTcwNDA2MzYxMQ@@._V1_UY268_CR2,0,182,268_AL_.jpg"
114576,http://www.imdb.com/title/tt114576,Sudden Death (1995),5.7,Action|Crime|Thriller,"https://images-na.ssl-images-amazon.com/images/M/MV5BN2NjYWE5NjMtODlmZC00MjJhLWFkZTktYTJlZTI4YjVkMGNmXkEyXkFqcGdeQXVyNDc2NjEyMw@@._V1_UY268_CR0,0,182,268_AL_.jpg"
113189,http://www.imdb.com/title/tt113189,GoldenEye (1995),7.2,Action|Adventure|Thriller,"https://images-na.ssl-images-amazon.com/images/M/MV5BMzk2OTg4MTk1NF5BMl5BanBnXkFtZTcwNjExNTgzNA@@._V1_UX182_CR0,0,182,268_AL_.jpg"
112346,http://www.imdb.com/title/tt112346,The American President (1995),6.8,Comedy|Drama|Romance,"https://images-na.ssl-images-amazon.com/images/M/MV5BMTI5NDU2NDYzOF5BMl5BanBnXkFtZTYwNDk5MDI5._V1_UY268_CR4,0,182,268_AL_.jpg"
112896,http://www.imdb.com/title/tt112896,Dracula: Dead and Loving It (1995),5.8,Comedy|Fantasy|Horror,"https://images-na.ssl-images-amazon.com/images/M/MV5BZWQ0ZDFmYzMtZGMyMi00NmYxLWE0MGYtYzM2ZGNhMTE1NTczL2ltYWdlL2ltYWdlXkEyXkFqcGdeQXVyMjM5ODMxODc@._V1_UX182_CR0,0,182,268_AL_.jpg"
112453,http://www.imdb.com/title/tt112453,Balto (1995),7.1,Animation|Adventure|Drama,"https://images-na.ssl-images-amazon.com/images/M/MV5BMjBhNmFlZjMtMzhlYy00NDBlLWFiMjctMmE0ZjgwOGM2MTNmXkEyXkFqcGdeQXVyNjExODE1MDc@._V1_UX182_CR0,0,182,268_AL_.jpg"
113987,http://www.imdb.com/title/tt113987,Nixon (1995),7.1,Biography|Drama|History,"https://images-na.ssl-images-amazon.com/images/M/MV5BNzBlOWY0ZmEtZjdkYS00ZGU0LWEwN2YtYzBkNDM5ZDBjMmI1XkEyXkFqcGdeQXVyMTAwMzUyOTc@._V1_UX182_CR0,0,182,268_AL_.jpg"
112760,http://www.imdb.com/title/tt112760,Cutthroat Island (1995),5.6,Action|Adventure|Comedy,"https://images-na.ssl-images-amazon.com/images/M/MV5BMDg2YTI0YmQtYzgwMi00Zjk4LWJkZjgtYjg0ZDE2ODUzY2RlL2ltYWdlXkEyXkFqcGdeQXVyNjQzNDI3NzY@._V1_UX182_CR0,0,182,268_AL_.jpg"
112641,http://www.imdb.com/title/tt112641,Casino (1995),8.2,Crime|Drama,"https://images-na.ssl-images-amazon.com/images/M/MV5BMTcxOWYzNDYtYmM4YS00N2NkLTk0NTAtNjg1ODgwZjAxYzI3XkEyXkFqcGdeQXVyNTA4NzY1MzY@._V1_UX182_CR0,0,182,268_AL_.jpg"
114388,http://www.imdb.com/title/tt114388,Sense and Sensibility (1995),7.7,Drama|Romance,"https://images-na.ssl-images-amazon.com/images/M/MV5BNzk1MjU3MDQyMl5BMl5BanBnXkFtZTcwNjc1OTM2MQ@@._V1_UX182_CR0,0,182,268_AL_.jpg"
113101,http://www.imdb.com/title/tt113101,Four Rooms (1995),6.7,Comedy,"https://images-na.ssl-images-amazon.com/images/M/MV5BNDc3Y2YwMjUtYzlkMi00MTljLTg1ZGMtYzUwODljZTI1OTZjXkEyXkFqcGdeQXVyMTQxNzMzNDI@._V1_UX182_CR0,0,182,268_AL_.jpg"
112281,http://www.imdb.com/title/tt112281,Ace Ventura: When Nature Calls (1995),6.3,Adventure|Comedy|Crime,"https://images-na.ssl-images-amazon.com/images/M/MV5BNGFiYTgxZDctNGI4OS00MWU1LWIwOGUtZmMyNGQxYjVkZjQ3XkEyXkFqcGdeQXVyMTQxNzMzNDI@._V1_UX182_CR0,0,182,268_AL_.jpg"
113845,http://www.imdb.com/title/tt113845,Money Train (1995),5.6,Action|Comedy|Crime,"https://images-na.ssl-images-amazon.com/images/M/MV5BNDEwNzcyNjkzNl5BMl5BanBnXkFtZTcwNzQyMzYxMQ@@._V1_UY268_CR4,0,182,268_AL_.jpg"
113161,http://www.imdb.com/title/tt113161,Get Shorty (1995),6.9,Comedy|Crime|Thriller,"https://images-na.ssl-images-amazon.com/images/M/MV5BMjAwODYzNDY4Ml5BMl5BanBnXkFtZTcwODkwNTgzNA@@._V1_UX182_CR0,0,182,268_AL_.jpg"
112722,http://www.imdb.com/title/tt112722,Copycat (1995),6.6,Crime|Drama|Mystery,"https://images-na.ssl-images-amazon.com/images/M/MV5BYWUwNDk2ZDYtNmFkMi00NjE5LWE1M2ItYTRkNTFjZDU3ZDU4L2ltYWdlL2ltYWdlXkEyXkFqcGdeQXVyMTYxNjkxOQ@@._V1_UX182_CR0,0,182,268_AL_.jpg"
112401,http://www.imdb.com/title/tt112401,Assassins (1995),6.3,Action|Crime|Thriller,"https://images-na.ssl-images-amazon.com/images/M/MV5BMGY2OWI5ZjQtYjY0Zi00Y2M4LWEwMmMtOTJhODYxYTExNWZlL2ltYWdlXkEyXkFqcGdeQXVyNTAyODkwOQ@@._V1_UY268_CR3,0,182,268_AL_.jpg"
114168,http://www.imdb.com/title/tt114168,Powder (1995),6.5,Drama|Fantasy|Mystery,"https://images-na.ssl-images-amazon.com/images/M/MV5BMTM2NDczNjYwMV5BMl5BanBnXkFtZTYwNTI3Mjc4._V1_UX182_CR0,0,182,268_AL_.jpg"
113627,http://www.imdb.com/title/tt113627,Leaving Las Vegas (1995),7.6,Drama|Romance,"https://images-na.ssl-images-amazon.com/images/M/MV5BNDg3MDM5NTI0MF5BMl5BanBnXkFtZTcwNDY0NDk0NA@@._V1_UX182_CR0,0,182,268_AL_.jpg"
114057,http://www.imdb.com/title/tt114057,Othello (1995),6.9,Drama|Romance,"https://images-na.ssl-images-amazon.com/images/M/MV5BMTIxMzA2ODk2NV5BMl5BanBnXkFtZTcwMzQ4ODIyMQ@@._V1_UY268_CR4,0,182,268_AL_.jpg"
114011,http://www.imdb.com/title/tt114011,Now and Then (1995),6.8,Comedy|Drama|Romance,"https://images-na.ssl-images-amazon.com/images/M/MV5BMTM2MDQ1YjUtMGM0NC00NmFlLTljMDktZjJiNWRhMWYxOWYyXkEyXkFqcGdeQXVyNjgzMjI4ODE@._V1_UX182_CR0,0,182,268_AL_.jpg"
114117,http://www.imdb.com/title/tt114117,Persuasion,7.7,Drama,"https://images-na.ssl-images-amazon.com/images/M/MV5BMTc5NzAwNDAyN15BMl5BanBnXkFtZTYwMjYzMDc5._V1_UY268_CR1,0,182,268_AL_.jpg"
112682,http://www.imdb.com/title/tt112682,The City of Lost Children (1995),7.7,Fantasy|Sci-Fi,"https://images-na.ssl-images-amazon.com/images/M/MV5BZGQxZDMwYzYtYmFjNi00NWYyLThjZjAtMDJhODZhYTkyZDNhXkEyXkFqcGdeQXVyNTAyODkwOQ@@._V1_UY268_CR7,0,182,268_AL_.jpg"
115012,http://www.imdb.com/title/tt115012,"Yao a yao, yao dao wai po qiao (1995)",7.2,Crime|Drama|Romance,"https://images-na.ssl-images-amazon.com/images/M/MV5BMTgyMzAwOTQyNF5BMl5BanBnXkFtZTcwNDU1MjgxMQ@@._V1_UY268_CR1,0,182,268_AL_.jpg"
112792,http://www.imdb.com/title/tt112792,Dangerous Minds (1995),6.4,Biography|Drama,"https://images-na.ssl-images-amazon.com/images/M/MV5BZjk2YjNkYTYtOTZkNy00ZmRkLWI5ODEtYzA4MTM3MzMyZjhlXkEyXkFqcGdeQXVyMTQxNzMzNDI@._V1_UX182_CR0,0,182,268_AL_.jpg"
114746,http://www.imdb.com/title/tt114746,Twelve Monkeys (1995),8,Mystery|Sci-Fi|Thriller,"https://images-na.ssl-images-amazon.com/images/M/MV5BN2Y2OWU4MWMtNmIyMy00YzMyLWI0Y2ItMTcyZDc3MTdmZDU4XkEyXkFqcGdeQXVyMTQxNzMzNDI@._V1_UX182_CR0,0,182,268_AL_.jpg"
114952,http://www.imdb.com/title/tt114952,Wings of Courage (1995),6.5,Adventure|Romance,"https://images-na.ssl-images-amazon.com/images/M/MV5BMTc3ODY1MjA3OF5BMl5BanBnXkFtZTcwODgzOTgyMQ@@._V1_UX182_CR0,0,182,268_AL_.jpg"
112431,http://www.imdb.com/title/tt112431,Babe (1995),6.8,Comedy|Drama|Family,"https://images-na.ssl-images-amazon.com/images/M/MV5BYjg4ZjUzMzMtYzlmYi00YTcwLTlkOWUtYWFmY2RhNjliODQzXkEyXkFqcGdeQXVyNTUyMzE4Mzg@._V1_UX182_CR0,0,182,268_AL_.jpg"
112637,http://www.imdb.com/title/tt112637,Carrington (1995),6.9,Biography|Drama|Romance,"https://images-na.ssl-images-amazon.com/images/M/MV5BZjQ3MTBkNDEtMGRlZS00OTY0LTkzYjktOWU2MzI3ZDRiMjY5XkEyXkFqcGdeQXVyMTA0MjU0Ng@@._V1_UX182_CR0,0,182,268_AL_.jpg"
112818,http://www.imdb.com/title/tt112818,Dead Man Walking (1995),7.6,Crime|Drama,"https://images-na.ssl-images-amazon.com/images/M/MV5BMTM3NzA1MjM2N15BMl5BanBnXkFtZTcwMzY3MTMzNA@@._V1_UX182_CR0,0,182,268_AL_.jpg"
112286,http://www.imdb.com/title/tt112286,Across the Sea of Time (1995),6.4,Adventure|Drama|Family,"https://images-na.ssl-images-amazon.com/images/M/MV5BOTIwMzk1MDc1MF5BMl5BanBnXkFtZTcwMTEzNDkyMQ@@._V1_UY268_CR43,0,182,268_AL_.jpg"
113442,http://www.imdb.com/title/tt113442,It Takes Two (1995),5.7,Comedy|Family|Romance,"https://images-na.ssl-images-amazon.com/images/M/MV5BMzdhMGU0MzEtZjg1Ny00YzE5LWE0MGQtMTNiN2UwN2I5ZDBjXkEyXkFqcGdeQXVyNTgzMzU5MDI@._V1_UX182_CR0,0,182,268_AL_.jpg"
112697,http://www.imdb.com/title/tt112697,Clueless (1995),6.8,Comedy|Romance,"https://images-na.ssl-images-amazon.com/images/M/MV5BMTgxODIxODE2MF5BMl5BanBnXkFtZTgwOTA4NjQxMTE@._V1_UX182_CR0,0,182,268_AL_.jpg"
112749,http://www.imdb.com/title/tt112749,"Cry, the Beloved Country (1995)",6.9,Drama|Thriller,"https://images-na.ssl-images-amazon.com/images/M/MV5BMTcwMDU1OTEwOF5BMl5BanBnXkFtZTcwMTg5NjEyMQ@@._V1_UY268_CR3,0,182,268_AL_.jpg"
114279,http://www.imdb.com/title/tt114279,Richard III (1995),7.5,Drama|War,"https://images-na.ssl-images-amazon.com/images/M/MV5BMTI3MzMwMzIxMF5BMl5BanBnXkFtZTYwNTM0Nzc5._V1_UY268_CR2,0,182,268_AL_.jpg"
112819,http://www.imdb.com/title/tt112819,Dead Presidents (1995),6.8,Action|Crime|Drama,"https://images-na.ssl-images-amazon.com/images/M/MV5BMzE0NTI0MTM5MV5BMl5BanBnXkFtZTcwMzYwMTYyMQ@@._V1_UX182_CR0,0,182,268_AL_.jpg"
114272,http://www.imdb.com/title/tt114272,Restoration (1995),6.7,Biography|Drama|History,"https://images-na.ssl-images-amazon.com/images/M/MV5BMjE5ODY5MTU5OF5BMl5BanBnXkFtZTYwNjcwNTY5._V1_UY268_CR1,0,182,268_AL_.jpg"
113855,http://www.imdb.com/title/tt113855,Mortal Kombat (1995),5.8,Action|Adventure|Fantasy,"https://images-na.ssl-images-amazon.com/images/M/MV5BNzJhYjYxMTctNmY4My00NGIzLThmN2MtYjgwMjlmZWNjMTJlL2ltYWdlL2ltYWdlXkEyXkFqcGdeQXVyMTQxNzMzNDI@._V1_UX182_CR0,0,182,268_AL_.jpg"
114681,http://www.imdb.com/title/tt114681,To Die For (1995),6.8,Comedy|Crime|Drama,"https://images-na.ssl-images-amazon.com/images/M/MV5BNGZhYzgwNzItNDljNC00MDM4LThiYjEtNDRhNmE5NDk2MTQ0XkEyXkFqcGdeQXVyMTQxNzMzNDI@._V1_UX182_CR0,0,182,268_AL_.jpg"
113347,http://www.imdb.com/title/tt113347,How to Make an American Quilt (1995),6.2,Comedy|Drama|Romance,"https://images-na.ssl-images-amazon.com/images/M/MV5BNzY3NTQ0NTM0NV5BMl5BanBnXkFtZTcwODkwMzgxMQ@@._V1_UY268_CR3,0,182,268_AL_.jpg"
114369,http://www.imdb.com/title/tt114369,Se7en (1995),8.6,Crime|Drama|Mystery,"https://images-na.ssl-images-amazon.com/images/M/MV5BOTUwODM5MTctZjczMi00OTk4LTg3NWUtNmVhMTAzNTNjYjcyXkEyXkFqcGdeQXVyNjU0OTQ0OTY@._V1_UX182_CR0,0,182,268_AL_.jpg"
114148,http://www.imdb.com/title/tt114148,Pocahontas (1995),6.7,Animation|Adventure|Drama,"https://images-na.ssl-images-amazon.com/images/M/MV5BMzc4YzhiN2ItY2Y4NC00YTA0LWEyMjEtNzllNTcxZDdjODhiXkEyXkFqcGdeQXVyNTUyMzE4Mzg@._V1_UX182_CR0,0,182,268_AL_.jpg"
114916,http://www.imdb.com/title/tt114916,When Night Is Falling (1995),6.7,Drama|Romance,"https://images-na.ssl-images-amazon.com/images/M/MV5BMTI2OTU5MDMzN15BMl5BanBnXkFtZTcwMTkxNTEzMQ@@._V1_UY268_CR2,0,182,268_AL_.jpg"
114814,http://www.imdb.com/title/tt114814,The Usual Suspects (1995),8.6,Crime|Drama|Mystery,"https://images-na.ssl-images-amazon.com/images/M/MV5BMzI1MjI5MDQyOV5BMl5BanBnXkFtZTcwNzE4Mjg3NA@@._V1_UX182_CR0,0,182,268_AL_.jpg"
109950,http://www.imdb.com/title/tt109950,Guardian Angel (1994),4.8,Action|Drama|Thriller,"https://images-na.ssl-images-amazon.com/images/M/MV5BMTI1OTA0NDQzN15BMl5BanBnXkFtZTcwMjIwNjQyMQ@@._V1_UY268_CR102,0,182,268_AL_.jpg"
113819,http://www.imdb.com/title/tt113819,Mighty Aphrodite (1995),7.1,Comedy|Fantasy|Romance,"https://images-na.ssl-images-amazon.com/images/M/MV5BMGM1NzM2ZjktNDM5ZS00YmExLTk5ZmYtNDdkNjdkNTdhZWZkXkEyXkFqcGdeQXVyNjE5MjUyOTM@._V1_UX182_CR0,0,182,268_AL_.jpg"
110299,http://www.imdb.com/title/tt110299,Lamerica (1994),7.6,Drama,"https://images-na.ssl-images-amazon.com/images/M/MV5BMTk0MTI5MjU3MF5BMl5BanBnXkFtZTcwMjMzODUyMQ@@._V1_UY268_CR3,0,182,268_AL_.jpg"
112499,http://www.imdb.com/title/tt112499,The Big Green (1995),5.5,Comedy|Family|Sport,"https://images-na.ssl-images-amazon.com/images/M/MV5BMTMwODc3MDk3Nl5BMl5BanBnXkFtZTcwMTE5NTUyMQ@@._V1_UY268_CR5,0,182,268_AL_.jpg"
113158,http://www.imdb.com/title/tt113158,Georgia (1995),6.5,Drama|Music,"https://images-na.ssl-images-amazon.com/images/M/MV5BZWJiNjMwYzMtZWU5Yi00NGI0LTg5NGYtZDY4MWRiYjEwYTYzXkEyXkFqcGdeQXVyMTAwMzUyOTc@._V1_UX182_CR0,0,182,268_AL_.jpg"
113541,http://www.imdb.com/title/tt113541,Kids of the Round Table (1995),5,Adventure|Comedy|Family,"https://images-na.ssl-images-amazon.com/images/M/MV5BMTEwMTM0MzI3OTheQTJeQWpwZ15BbWU3MDQzNTQ2MTE@._V1_UX182_CR0,0,182,268_AL_.jpg"
113321,http://www.imdb.com/title/tt113321,Home for the Holidays (1995),6.6,Comedy|Drama|Romance,"https://images-na.ssl-images-amazon.com/images/M/MV5BMjExMTMyNzU4MV5BMl5BanBnXkFtZTcwMzIwMDkxMQ@@._V1_UX182_CR0,0,182,268_AL_.jpg"
110877,http://www.imdb.com/title/tt110877,Il Postino: The Postman (1994),7.7,Biography|Comedy|Drama,"https://images-na.ssl-images-amazon.com/images/M/MV5BMTY5NDI4NjQyOV5BMl5BanBnXkFtZTYwODI1NDE5._V1_UY268_CR3,0,182,268_AL_.jpg"
112714,http://www.imdb.com/title/tt112714,Le confessionnal (1995),7.6,Drama|Mystery|Thriller,"https://images-na.ssl-images-amazon.com/images/M/MV5BMTk2MDE1MTYyNl5BMl5BanBnXkFtZTcwMzc3NDEzMQ@@._V1_UX182_CR0,0,182,268_AL_.jpg"
113419,http://www.imdb.com/title/tt113419,The Indian in the Cupboard (1995),5.9,Drama|Family|Fantasy,"https://images-na.ssl-images-amazon.com/images/M/MV5BMTk0NjQ5NzQxMl5BMl5BanBnXkFtZTcwMDc5NjUyMQ@@._V1_UX182_CR0,0,182,268_AL_.jpg"
116260,http://www.imdb.com/title/tt116260,Eye for an Eye (1996),6.1,Crime|Drama|Thriller,"https://images-na.ssl-images-amazon.com/images/M/MV5BMTUwMzc5NTk0NF5BMl5BanBnXkFtZTYwOTYyMzU5._V1_UX182_CR0,0,182,268_AL_.jpg"
113862,http://www.imdb.com/title/tt113862,Mr. Holland's Opus (1995),7.3,Drama|Music,"https://images-na.ssl-images-amazon.com/images/M/MV5BZDZhNDRlZjAtYzdhNy00ZjU1LWFlMDYtNjA5NjliM2Y5ZmVjL2ltYWdlXkEyXkFqcGdeQXVyNjE5MjUyOTM@._V1_UX182_CR0,0,182,268_AL_.jpg"
116126,http://www.imdb.com/title/tt116126,Don't Be a Menace to South Central While Drinking Your Juice in the Hood (1996),6.6,Comedy|Crime,"https://images-na.ssl-images-amazon.com/images/M/MV5BY2NmM2M2MWItNjdlMC00ZWI3LTkwODUtZDNkYWZjYjgzZjY3XkEyXkFqcGdeQXVyMTQxNzMzNDI@._V1_UX182_CR0,0,182,268_AL_.jpg"
118002,http://www.imdb.com/title/tt118002,Two If by Sea (1996),5.2,Comedy|Crime|Romance,"https://images-na.ssl-images-amazon.com/images/M/MV5BMTY5MDcxNjY5MV5BMl5BanBnXkFtZTYwNDMxMTk5._V1_UX182_CR0,0,182,268_AL_.jpg"
115683,http://www.imdb.com/title/tt115683,Bio-Dome (1996),4.4,Comedy,"https://images-na.ssl-images-amazon.com/images/M/MV5BYzY0ZjI0NTUtNDE4Yi00OGU2LWExZDMtNTY1MTM3ZWE3MzEyXkEyXkFqcGdeQXVyMTQxNzMzNDI@._V1_UX182_CR0,0,182,268_AL_.jpg"
116839,http://www.imdb.com/title/tt116839,Lawnmower Man 2: Beyond Cyberspace (1996),2.4,Action|Sci-Fi|Thriller,"https://images-na.ssl-images-amazon.com/images/M/MV5BZGI0ZDZhOGUtZDZiOS00NWE2LThjNzQtYzI3ZGFjODUwZjlkXkEyXkFqcGdeQXVyMTQxNzMzNDI@._V1_UX182_CR0,0,182,268_AL_.jpg"
114753,http://www.imdb.com/title/tt114753,Two Bits (1995),6.3,Drama,"https://images-na.ssl-images-amazon.com/images/M/MV5BOGE1NmM0MjYtZmJjYS00ODI5LWI0MjgtOGM2MTY3ZmIyNDZkXkEyXkFqcGdeQXVyNjUwNzk3NDc@._V1_UX182_CR0,0,182,268_AL_.jpg"
113149,http://www.imdb.com/title/tt113149,French Twist (1995),6.4,Comedy,"https://images-na.ssl-images-amazon.com/images/M/MV5BMTg3NjczMTU1OF5BMl5BanBnXkFtZTcwOTAzNTQyMQ@@._V1_UY268_CR3,0,182,268_AL_.jpg"
113118,http://www.imdb.com/title/tt113118,Friday (1995),7.3,Comedy|Drama,"https://images-na.ssl-images-amazon.com/images/M/MV5BYmEwNjNlZTUtNzkwMS00ZTlhLTkyY2MtMjM2MzlmODQyZGVhXkEyXkFqcGdeQXVyNTI4MjkwNjA@._V1_UX182_CR0,0,182,268_AL_.jpg"
116367,http://www.imdb.com/title/tt116367,From Dusk Till Dawn (1996),7.3,Action|Crime|Horror,"https://images-na.ssl-images-amazon.com/images/M/MV5BZjk3YmZhMDAtOWUzMS00YjE5LTkxNzAtY2I1NGZjMDA2ZTk0XkEyXkFqcGdeQXVyMTQxNzMzNDI@._V1_UX182_CR0,0,182,268_AL_.jpg"
113010,http://www.imdb.com/title/tt113010,Fair Game (1995),4.1,Action|Crime|Romance,"https://images-na.ssl-images-amazon.com/images/M/MV5BMTQ4NjM0MDI1OF5BMl5BanBnXkFtZTcwMDQ1ODMyMQ@@._V1_UY268_CR11,0,182,268_AL_.jpg"
113537,http://www.imdb.com/title/tt113537,Kicking and Screaming (1995),7,Comedy|Drama|Romance,"https://images-na.ssl-images-amazon.com/images/M/MV5BMjEzMjkwMzE4Nl5BMl5BanBnXkFtZTcwNzY0NzMzMQ@@._V1_UY268_CR4,0,182,268_AL_.jpg"
113828,http://www.imdb.com/title/tt113828,Les mis??rables (1995),7.5,Drama|History,"https://images-na.ssl-images-amazon.com/images/M/MV5BMTg1NzgyNTk0N15BMl5BanBnXkFtZTYwNjk4MDU5._V1_UY268_CR2,0,182,268_AL_.jpg"
115644,http://www.imdb.com/title/tt115644,Bed of Roses (1996),6.1,Romance|Drama,"https://images-na.ssl-images-amazon.com/images/M/MV5BMjg4MzcxMzk3M15BMl5BanBnXkFtZTcwNzkzOTMyMQ@@._V1_UY268_CR8,0,182,268_AL_.jpg"
115676,http://www.imdb.com/title/tt115676,Big Bully (1996),4.5,Comedy|Thriller,"https://images-na.ssl-images-amazon.com/images/M/MV5BYzAzMmUyNTYtNTQ4Yi00ZDJmLTliMTAtOTFlY2U0ODNiMGNmXkEyXkFqcGdeQXVyNTIzOTk5ODM@._V1_UX182_CR0,0,182,268_AL_.jpg"
114367,http://www.imdb.com/title/tt114367,Screamers (1995),6.4,Sci-Fi|Thriller,"https://images-na.ssl-images-amazon.com/images/M/MV5BM2M2ZGM0NDUtODRhNS00MjcxLTg3ZWYtYjkyZDJkYmVjOWYwXkEyXkFqcGdeQXVyMTQxNzMzNDI@._V1_UX182_CR0,0,182,268_AL_.jpg"
113973,http://www.imdb.com/title/tt113973,Nico Icon (1995),7.3,Documentary|Biography|Music,"https://images-na.ssl-images-amazon.com/images/M/MV5BNTY2MDM2NzcyM15BMl5BanBnXkFtZTcwMjk3MzcyMQ@@._V1_UY268_CR0,0,182,268_AL_.jpg"
112744,http://www.imdb.com/title/tt112744,The Crossing Guard (1995),6.3,Drama|Thriller,"https://images-na.ssl-images-amazon.com/images/M/MV5BMjkwNWMyZjQtNmU5MS00ZWE1LWE3NzMtNGZjNTlhYzcwNjIzXkEyXkFqcGdeQXVyMTAwMzUyOTc@._V1_UX182_CR0,0,182,268_AL_.jpg"
116731,http://www.imdb.com/title/tt116731,The Juror (1996),5.6,Drama|Thriller,"https://images-na.ssl-images-amazon.com/images/M/MV5BMTgwOTc5MjYzNl5BMl5BanBnXkFtZTcwMjYzMTYyMQ@@._V1_UX182_CR0,0,182,268_AL_.jpg"
112445,http://www.imdb.com/title/tt112445,The White Balloon (1995),7.8,Drama|Family,"https://images-na.ssl-images-amazon.com/images/M/MV5BMTE5ODk5MDAwN15BMl5BanBnXkFtZTYwNDA3MjE5._V1_UX182_CR0,0,182,268_AL_.jpg"
114660,http://www.imdb.com/title/tt114660,Things to Do in Denver When You're Dead (1995),6.8,Crime|Drama,"https://images-na.ssl-images-amazon.com/images/M/MV5BMzI0OWEzZmItOGUyOC00M2Y2LWIzNDEtY2EzYzAwNWI0ZDkyXkEyXkFqcGdeQXVyNTc1NTQxODI@._V1_UX182_CR0,0,182,268_AL_.jpg"
112379,http://www.imdb.com/title/tt112379,Antonia's Line (1995),7.5,Comedy|Drama,"https://images-na.ssl-images-amazon.com/images/M/MV5BMTgwNjkwOTQ5NV5BMl5BanBnXkFtZTcwNjc3ODAyMQ@@._V1_UY268_CR1,0,182,268_AL_.jpg"
114039,http://www.imdb.com/title/tt114039,Once Upon a Time... When We Were Colored (1995),7.2,Drama|Romance,"https://images-na.ssl-images-amazon.com/images/M/MV5BMTI4NDk2MDcyNV5BMl5BanBnXkFtZTcwMTQxNTMyMQ@@._V1_UX182_CR0,0,182,268_AL_.jpg"
113612,http://www.imdb.com/title/tt113612,Last Summer in the Hamptons (1995),6.1,Comedy|Drama,"https://images-na.ssl-images-amazon.com/images/M/MV5BMTY2OTM4MDI2OV5BMl5BanBnXkFtZTcwNTQxMTYxMQ@@._V1_UX182_CR0,0,182,268_AL_.jpg"
112365,http://www.imdb.com/title/tt112365,Angels and Insects (1995),7,Drama|Romance,"https://images-na.ssl-images-amazon.com/images/M/MV5BOTgwMTExNjk2M15BMl5BanBnXkFtZTcwNzQxNTEzMQ@@._V1_UY268_CR2,0,182,268_AL_.jpg"
118158,http://www.imdb.com/title/tt118158,White Squall (1996),6.6,Adventure|Drama,"https://images-na.ssl-images-amazon.com/images/M/MV5BMTI5NjIzMTI5OV5BMl5BanBnXkFtZTcwMjY0MzAyMQ@@._V1_UY268_CR2,0,182,268_AL_.jpg"
116151,http://www.imdb.com/title/tt116151,Dunston Checks In (1996),5.3,Comedy|Adventure|Family,"https://images-na.ssl-images-amazon.com/images/M/MV5BN2RhOTA4YzAtNTg3NC00NmYxLWI1YjQtYzM4NTJlYzVhZGYwXkEyXkFqcGdeQXVyMTQxNzMzNDI@._V1_UX182_CR0,0,182,268_AL_.jpg"
115697,http://www.imdb.com/title/tt115697,Black Sheep (1996),6.2,Comedy,"https://images-na.ssl-images-amazon.com/images/M/MV5BYjc2NzU0YjUtYzkyNS00NjcwLWJiM2QtM2Y3YjFhMTQ0M2I3XkEyXkFqcGdeQXVyMTQxNzMzNDI@._V1_UX182_CR0,0,182,268_AL_.jpg"
113972,http://www.imdb.com/title/tt113972,Nick of Time (1995),6.3,Action|Crime|Drama,"https://images-na.ssl-images-amazon.com/images/M/MV5BMjE1OTk4OTM2NF5BMl5BanBnXkFtZTYwNzE4OTc4._V1_UY268_CR3,0,182,268_AL_.jpg"
113490,http://www.imdb.com/title/tt113490,The Journey of August King (1995),6.6,Drama,"https://images-na.ssl-images-amazon.com/images/M/MV5BMjA2MTMxMDQyMV5BMl5BanBnXkFtZTcwMDEzMzcyMQ@@._V1_UX182_CR0,0,182,268_AL_.jpg"
117002,http://www.imdb.com/title/tt117002,Mary Reilly (1996),5.8,Drama|Horror|Romance,"https://images-na.ssl-images-amazon.com/images/M/MV5BMTM2MzEzNTc2NF5BMl5BanBnXkFtZTYwNTI5NjU5._V1_UY268_CR0,0,182,268_AL_.jpg"
114825,http://www.imdb.com/title/tt114825,Vampire in Brooklyn (1995),4.5,Comedy|Fantasy|Horror,"https://images-na.ssl-images-amazon.com/images/M/MV5BNWFlYjJiYzUtNWE1YS00YzM5LTkxYzMtN2FlMjI4NTNlNzExXkEyXkFqcGdeQXVyMTQxNzMzNDI@._V1_UX182_CR0,0,182,268_AL_.jpg"
115639,http://www.imdb.com/title/tt115639,Beautiful Girls (1996),7.2,Comedy|Drama|Romance,"https://images-na.ssl-images-amazon.com/images/M/MV5BMTI4NjU0NDM0NV5BMl5BanBnXkFtZTYwODU5MjY5._V1_UY268_CR2,0,182,268_AL_.jpg"
115759,http://www.imdb.com/title/tt115759,Broken Arrow (1996),6,Action|Crime|Thriller,"https://images-na.ssl-images-amazon.com/images/M/MV5BMTY1NTQzMDQwMF5BMl5BanBnXkFtZTYwOTQ1OTk4._V1_UY268_CR3,0,182,268_AL_.jpg"
113403,http://www.imdb.com/title/tt113403,A Midwinter's Tale (1995),7.3,Comedy,"https://images-na.ssl-images-amazon.com/images/M/MV5BMTIyMDEwMDAyMl5BMl5BanBnXkFtZTYwOTUwNTk4._V1_UX182_CR0,0,182,268_AL_.jpg"
113247,http://www.imdb.com/title/tt113247,La Haine (1995),8.1,Crime|Drama,"https://images-na.ssl-images-amazon.com/images/M/MV5BNDNiOTA5YjktY2Q0Ni00ODgzLWE5MWItNGExOWRlYjY2MjBlXkEyXkFqcGdeQXVyNjQ2MjQ5NzM@._V1_UY268_CR3,0,182,268_AL_.jpg"
111173,http://www.imdb.com/title/tt111173,Shopping (1994),5.4,Action|Crime|Drama,"https://images-na.ssl-images-amazon.com/images/M/MV5BMTA5NzE3MjQ4MzFeQTJeQWpwZ15BbWU3MDQ1MDU2MjE@._V1_UY268_CR4,0,182,268_AL_.jpg"
113283,http://www.imdb.com/title/tt113283,Heidi Fleiss: Hollywood Madam (1995),6.6,Documentary|Biography,"https://images-na.ssl-images-amazon.com/images/M/MV5BMTc4NDc5NzQzNF5BMl5BanBnXkFtZTcwMDUyODkxMQ@@._V1_UY268_CR4,0,182,268_AL_.jpg"
115907,http://www.imdb.com/title/tt115907,City Hall (1996),6.2,Drama,"https://images-na.ssl-images-amazon.com/images/M/MV5BZDg3M2YzZWQtMmZjZC00NzJmLThiNDMtZjM3Mjk0MjFkOTQ0XkEyXkFqcGdeQXVyNjUwNzk3NDc@._V1_UX182_CR0,0,182,268_AL_.jpg"
115734,http://www.imdb.com/title/tt115734,Bottle Rocket (1996),7.1,Comedy|Crime|Drama,"https://images-na.ssl-images-amazon.com/images/M/MV5BMTI2NDY4Mzc1Nl5BMl5BanBnXkFtZTcwNzUyNDk5MQ@@._V1_UY268_CR4,0,182,268_AL_.jpg"
117102,http://www.imdb.com/title/tt117102,Mr. Wrong (1996),3.8,Comedy,"https://images-na.ssl-images-amazon.com/images/M/MV5BMTM0MTAxMjcyMl5BMl5BanBnXkFtZTcwMTIzMTEyMQ@@._V1_UY268_CR3,0,182,268_AL_.jpg"
118040,http://www.imdb.com/title/tt118040,Unforgettable (1996),6,Drama|Mystery|Sci-Fi,"https://images-na.ssl-images-amazon.com/images/M/MV5BMjE4MjA4MzIxMV5BMl5BanBnXkFtZTcwMTg3Mjg3NA@@._V1_UX182_CR0,0,182,268_AL_.jpg"
116483,http://www.imdb.com/title/tt116483,Happy Gilmore (1996),7,Comedy|Family|Sport,"https://images-na.ssl-images-amazon.com/images/M/MV5BMjA4NjUxODg3Ml5BMl5BanBnXkFtZTcwNzcyODc5Mw@@._V1_UX182_CR0,0,182,268_AL_.jpg"
112579,http://www.imdb.com/title/tt112579,The Bridges of Madison County (1995),7.5,Drama|Romance,"https://images-na.ssl-images-amazon.com/images/M/MV5BMTI0MDkxMzA2NF5BMl5BanBnXkFtZTYwNjIxMDI5._V1_UY268_CR7,0,182,268_AL_.jpg"
110251,http://www.imdb.com/title/tt110251,Nobody Loves Me (1994),7.3,Comedy|Drama,"https://images-na.ssl-images-amazon.com/images/M/MV5BMTM1NzQ2NjQ3Ml5BMl5BanBnXkFtZTcwNzg5NjYxMQ@@._V1_UY268_CR4,0,182,268_AL_.jpg"
117110,http://www.imdb.com/title/tt117110,Muppet Treasure Island (1996),6.9,Action|Adventure|Comedy,"https://images-na.ssl-images-amazon.com/images/M/MV5BMTY0NDU1MDYxMl5BMl5BanBnXkFtZTcwNjgyMTEzMQ@@._V1_UY268_CR3,0,182,268_AL_.jpg"
112646,http://www.imdb.com/title/tt112646,Catwalk (1995),6.4,Documentary,"https://images-na.ssl-images-amazon.com/images/M/MV5BMTYxNzk1NjMxN15BMl5BanBnXkFtZTcwNjk0ODkxMQ@@._V1_UX182_CR0,0,182,268_AL_.jpg"
113276,http://www.imdb.com/title/tt113276,Headless Body in Topless Bar (1995),4.7,Comedy|Crime|Drama,"https://images-na.ssl-images-amazon.com/images/M/MV5BMTYyMTAzNDY0NF5BMl5BanBnXkFtZTcwODc4ODcxMQ@@._V1_UX182_CR0,0,182,268_AL_.jpg"
112573,http://www.imdb.com/title/tt112573,Braveheart (1995),8.4,Biography|Drama|History,"https://images-na.ssl-images-amazon.com/images/M/MV5BNTMyNGE1ODQtYTNiNS00ZTUyLThhZjktMTgyOGZkZThlYTc3XkEyXkFqcGdeQXVyMTQxNzMzNDI@._V1_UX182_CR0,0,182,268_AL_.jpg"
75314,http://www.imdb.com/title/tt75314,Taxi Driver (1976),8.3,Crime|Drama,"https://images-na.ssl-images-amazon.com/images/M/MV5BNGQxNDgzZWQtZTNjNi00M2RkLWExZmEtNmE1NjEyZDEwMzA5XkEyXkFqcGdeQXVyMTQxNzMzNDI@._V1_UX182_CR0,0,182,268_AL_.jpg"
113326,http://www.imdb.com/title/tt113326,Rumble in the Bronx (1995),6.7,Action|Comedy|Crime,"https://images-na.ssl-images-amazon.com/images/M/MV5BZTUxMzY1N2YtZjM5NC00MmUzLThkNzEtYjNiYzg0MzI4MDc5L2ltYWdlXkEyXkFqcGdeQXVyNTAyODkwOQ@@._V1_UY268_CR6,0,182,268_AL_.jpg"
115645,http://www.imdb.com/title/tt115645,Before and After (1996),6.1,Crime|Drama|Mystery,"https://images-na.ssl-images-amazon.com/images/M/MV5BMTgwODk4NDkzNF5BMl5BanBnXkFtZTcwMjA0MjUyMQ@@._V1_UY268_CR2,0,182,268_AL_.jpg"
113774,http://www.imdb.com/title/tt113774,Margaret's Museum (1995),7.3,Drama,"https://images-na.ssl-images-amazon.com/images/M/MV5BMTc3NjY0Mjk4MV5BMl5BanBnXkFtZTcwNTAzMzUyMQ@@._V1_UY268_CR3,0,182,268_AL_.jpg"
112556,http://www.imdb.com/title/tt112556,Happiness Is in the Field (1995),7,Comedy,"https://images-na.ssl-images-amazon.com/images/M/MV5BMTcxMzM5MDAxMF5BMl5BanBnXkFtZTcwNzUxNDMzMQ@@._V1_UY268_CR4,0,182,268_AL_.jpg"
112373,http://www.imdb.com/title/tt112373,Anne Frank Remembered (1995),8.1,Documentary|Biography|War,"https://images-na.ssl-images-amazon.com/images/M/MV5BNTMyOTkxMzA5N15BMl5BanBnXkFtZTcwNjU3MTUyMQ@@._V1_UY268_CR2,0,182,268_AL_.jpg"
115033,http://www.imdb.com/title/tt115033,The Young Poisoner's Handbook (1995),7.1,Crime|Drama,"https://images-na.ssl-images-amazon.com/images/M/MV5BMTg0MTE5OTMzNV5BMl5BanBnXkFtZTcwMDM0MzkzMQ@@._V1_UY268_CR43,0,182,268_AL_.jpg"
116606,http://www.imdb.com/title/tt116606,If Lucy Fell (1996),4.9,Comedy|Romance,"https://images-na.ssl-images-amazon.com/images/M/MV5BMTIyNjYyMjIyMV5BMl5BanBnXkFtZTcwNzE4OTUxMQ@@._V1_UX182_CR0,0,182,268_AL_.jpg"
114536,http://www.imdb.com/title/tt114536,Steal Big Steal Little (1995),4.8,Comedy,"https://images-na.ssl-images-amazon.com/images/M/MV5BMTM3MzkzODY2OF5BMl5BanBnXkFtZTcwNjY1OTUyMQ@@._V1_UX182_CR0,0,182,268_AL_.jpg"
117427,http://www.imdb.com/title/tt117427,Race the Sun (1996),5.3,Adventure|Comedy|Drama,"https://images-na.ssl-images-amazon.com/images/M/MV5BZDQ2ZGJlOTAtMmM1Yi00MGNlLWIwMDgtMzkzNTA1NWU3YzhiXkEyXkFqcGdeQXVyMTQxNzMzNDI@._V1_UX182_CR0,0,182,268_AL_.jpg"
106473,http://www.imdb.com/title/tt106473,The Boys of St. Vincent (1992),7.7,Drama,"https://images-na.ssl-images-amazon.com/images/M/MV5BMjE3NjM3NDQ0M15BMl5BanBnXkFtZTcwNzEwNjMyMQ@@._V1_UY268_CR3,0,182,268_AL_.jpg"
103859,http://www.imdb.com/title/tt103859,Boomerang (1992),5.4,Comedy|Drama|Romance,"https://images-na.ssl-images-amazon.com/images/M/MV5BZDZmZDU5MGYtMTU3YS00NDczLWJmOTQtOTdlODk2NmMxZjllXkEyXkFqcGdeQXVyMTQxNzMzNDI@._V1_UX182_CR0,0,182,268_AL_.jpg"
109424,http://www.imdb.com/title/tt109424,Chungking Express (1994),8.1,Comedy|Drama|Romance,"https://images-na.ssl-images-amazon.com/images/M/MV5BMGQ5MzljNzYtMDM1My00NmI0LThlYzQtMTg0ZmQ0MTk1YjkxXkEyXkFqcGdeQXVyNTAyODkwOQ@@._V1_UY268_CR4,0,182,268_AL_.jpg"
114808,http://www.imdb.com/title/tt114808,The Star Maker (1995),7.3,Drama|Romance,"https://images-na.ssl-images-amazon.com/images/M/MV5BMjE0MTE1ODI3MF5BMl5BanBnXkFtZTcwMTMwMTkxMQ@@._V1_UY268_CR2,0,182,268_AL_.jpg"
116324,http://www.imdb.com/title/tt116324,Flirting with Disaster (1996),6.8,Comedy,"https://images-na.ssl-images-amazon.com/images/M/MV5BNzM4NTAyMDE4MF5BMl5BanBnXkFtZTcwNjg1NDQ3Nw@@._V1_UY268_CR4,0,182,268_AL_.jpg"
110647,http://www.imdb.com/title/tt110647,The Neverending Story III (1994),3.1,Adventure|Comedy|Family,"https://images-na.ssl-images-amazon.com/images/M/MV5BMTAxMjY5OTg1MjJeQTJeQWpwZ15BbWU3MDk4MTgzMjE@._V1_UY268_CR2,0,182,268_AL_.jpg"
111055,http://www.imdb.com/title/tt111055,The Silences of the Palace (1994),7.4,Drama,"https://images-na.ssl-images-amazon.com/images/M/MV5BMTY4NTI3MTY4MF5BMl5BanBnXkFtZTcwNzI0MzcxMQ@@._V1_UX182_CR0,0,182,268_AL_.jpg"
110217,http://www.imdb.com/title/tt110217,Jupiter's Wife (1995),7.2,Documentary|Biography|Mystery,"https://images-na.ssl-images-amazon.com/images/M/MV5BMTI3ODIyODY4N15BMl5BanBnXkFtZTcwNjE3MjUyMQ@@._V1_UY268_CR4,0,182,268_AL_.jpg"
114131,http://www.imdb.com/title/tt114131,Pie in the Sky (1996),5.8,Comedy|Romance,"https://images-na.ssl-images-amazon.com/images/M/MV5BMTAxMTQwNTg1NjNeQTJeQWpwZ15BbWU3MDEzMzI0MjE@._V1_UY268_CR3,0,182,268_AL_.jpg"
112364,http://www.imdb.com/title/tt112364,Angela (1995),6.4,Drama,"https://images-na.ssl-images-amazon.com/images/M/MV5BMTg1OTIyODc1MF5BMl5BanBnXkFtZTcwNzUxMjkzMQ@@._V1_UY268_CR3,0,182,268_AL_.jpg"
113107,http://www.imdb.com/title/tt113107,Frankie Starlight (1995),6.7,Drama|Romance|War,"https://images-na.ssl-images-amazon.com/images/M/MV5BMjAxMzU0MzI0OF5BMl5BanBnXkFtZTcwMjI3MzMyMQ@@._V1_UX182_CR0,0,182,268_AL_.jpg"
113451,http://www.imdb.com/title/tt113451,Jade (1995),5.2,Crime|Drama|Thriller,"https://images-na.ssl-images-amazon.com/images/M/MV5BMTI1NzI3MTQ2Nl5BMl5BanBnXkFtZTYwNzM5NDQ5._V1_UY268_CR4,0,182,268_AL_.jpg"
114015,http://www.imdb.com/title/tt114015,Nueba Yol (1995),7.1,Comedy|Drama,"https://images-na.ssl-images-amazon.com/images/M/MV5BZGQ1Yjc3MjItNDdmNi00YzQ5LWIwMzQtMzkwNTdkNDg2MmQ0XkEyXkFqcGdeQXVyODU4MjAxOQ@@._V1_UY268_CR0,0,182,268_AL_.jpg"
114500,http://www.imdb.com/title/tt114500,Sonic Outlaws (1995),7.3,Documentary,"https://images-na.ssl-images-amazon.com/images/M/MV5BMTk5OTU5MTgxM15BMl5BanBnXkFtZTcwNTMwMDgyMQ@@._V1_UY268_CR4,0,182,268_AL_.jpg"
116130,http://www.imdb.com/title/tt116130,Down Periscope (1996),6,Comedy,"https://images-na.ssl-images-amazon.com/images/M/MV5BMjA0NTE0ODE0Ml5BMl5BanBnXkFtZTcwNjMxMzUyMQ@@._V1_UY268_CR4,0,182,268_AL_.jpg"
113125,http://www.imdb.com/title/tt113125,From the Journals of Jean Seberg (1995),7.1,Documentary|Biography,"https://images-na.ssl-images-amazon.com/images/M/MV5BMTk5ODgzNDE1NV5BMl5BanBnXkFtZTcwMTY4MDMyMQ@@._V1_UY268_CR8,0,182,268_AL_.jpg"
113756,http://www.imdb.com/title/tt113756,Man of the Year (1995),6.1,Comedy|Romance,"https://images-na.ssl-images-amazon.com/images/M/MV5BMjY3MjczMjQwMV5BMl5BanBnXkFtZTcwNDM3OTEzMQ@@._V1_UX182_CR0,0,182,268_AL_.jpg"
113952,http://www.imdb.com/title/tt113952,The Neon Bible (1995),6.2,Drama,"https://images-na.ssl-images-amazon.com/images/M/MV5BNzg1MzgyMDUyNl5BMl5BanBnXkFtZTcwNTk5MjcyMQ@@._V1_UY268_CR2,0,182,268_AL_.jpg"
114618,http://www.imdb.com/title/tt114618,Target (1995),7.8,Drama,
118055,http://www.imdb.com/title/tt118055,Up Close & Personal (1996),6.1,Drama|Romance,"https://images-na.ssl-images-amazon.com/images/M/MV5BODQ1NDAyMTExMV5BMl5BanBnXkFtZTcwNDIwMDIyMQ@@._V1_UY268_CR4,0,182,268_AL_.jpg"
115685,http://www.imdb.com/title/tt115685,The Birdcage (1996),7,Comedy,"https://images-na.ssl-images-amazon.com/images/M/MV5BMTM2NjExODYyOF5BMl5BanBnXkFtZTcwNTc0NjgyNA@@._V1_UX182_CR0,0,182,268_AL_.jpg"
94878,http://www.imdb.com/title/tt94878,Cienie (1988),6.3,Drama,
113200,http://www.imdb.com/title/tt113200,Gospa (1995),5.1,Drama,"https://images-na.ssl-images-amazon.com/images/M/MV5BOTdkOGMzN2EtM2JkYi00YTNjLTlhNjAtYjVkZWRjYWVmNjI5XkEyXkFqcGdeQXVyNjU4NzAyNjg@._V1_UX182_CR0,0,182,268_AL_.jpg"
112585,http://www.imdb.com/title/tt112585,The Brothers McMullen (1995),6.6,Comedy|Drama|Romance,"https://images-na.ssl-images-amazon.com/images/M/MV5BMTIwODk3MDU5N15BMl5BanBnXkFtZTcwMTE2NTYyMQ@@._V1_UY268_CR3,0,182,268_AL_.jpg"
112442,http://www.imdb.com/title/tt112442,Bad Boys (1995),6.8,Action|Comedy|Crime,"https://images-na.ssl-images-amazon.com/images/M/MV5BMTY4NDk1NTU5NF5BMl5BanBnXkFtZTcwMjE2NDU2MQ@@._V1_UX182_CR0,0,182,268_AL_.jpg"
112342,http://www.imdb.com/title/tt112342,The Amazing Panda Adventure (1995),5.8,Family|Adventure|Drama,"https://images-na.ssl-images-amazon.com/images/M/MV5BNzM2MjM0MzI3OF5BMl5BanBnXkFtZTcwOTc2MDcxMQ@@._V1_UY268_CR1,0,182,268_AL_.jpg"
112461,http://www.imdb.com/title/tt112461,The Basketball Diaries (1995),7.3,Biography|Crime|Drama,"https://images-na.ssl-images-amazon.com/images/M/MV5BMjdlNzQxZGUtZTg5YS00ODg2LTkxMzctMDAyNmEwM2YyZjA4XkEyXkFqcGdeQXVyMTQxNzMzNDI@._V1_UX182_CR0,0,182,268_AL_.jpg"
112427,http://www.imdb.com/title/tt112427,An Awfully Big Adventure (1995),6,Comedy|Drama|Romance,"https://images-na.ssl-images-amazon.com/images/M/MV5BMTI0NzUwMzM1NF5BMl5BanBnXkFtZTcwNDc5ODgyMQ@@._V1_UX182_CR0,0,182,268_AL_.jpg"
109093,http://www.imdb.com/title/tt109093,Amateur (1994),7,Comedy|Crime|Drama,"https://images-na.ssl-images-amazon.com/images/M/MV5BMTIwNzE5OTkxMV5BMl5BanBnXkFtZTcwMzIxMjAwMQ@@._V1_UX182_CR0,0,182,268_AL_.jpg"
112384,http://www.imdb.com/title/tt112384,Apollo 13 (1995),7.6,Adventure|Drama|History,"https://images-na.ssl-images-amazon.com/images/M/MV5BNjEzYjJmNzgtNDkwNy00MTQ4LTlmMWMtNzA4YjE2NjI0ZDg4XkEyXkFqcGdeQXVyNjU0OTQ0OTY@._V1_UX182_CR0,0,182,268_AL_.jpg"
114287,http://www.imdb.com/title/tt114287,Rob Roy (1995),6.9,Adventure|Biography|History,"https://images-na.ssl-images-amazon.com/images/M/MV5BMjE2NTU2ODI0MV5BMl5BanBnXkFtZTcwNTIwODU2NA@@._V1_UX182_CR0,0,182,268_AL_.jpg"
112288,http://www.imdb.com/title/tt112288,The Addiction (1995),6.4,Horror,"https://images-na.ssl-images-amazon.com/images/M/MV5BMWYzN2EyMmMtMTU2My00MWY2LTkyMGYtMjk0MzVkZGZiMzNjXkEyXkFqcGdeQXVyMTQxNzMzNDI@._V1_UX182_CR0,0,182,268_AL_.jpg"
112462,http://www.imdb.com/title/tt112462,Batman Forever (1995),5.4,Action|Adventure|Fantasy,"https://images-na.ssl-images-amazon.com/images/M/MV5BNWY3M2I0YzItNzA1ZS00MzE3LThlYTEtMTg2YjNiOTYzODQ1XkEyXkFqcGdeQXVyMTQxNzMzNDI@._V1_UX182_CR0,0,182,268_AL_.jpg"
61395,http://www.imdb.com/title/tt61395,Belle de Jour (1967),7.8,Drama,"https://images-na.ssl-images-amazon.com/images/M/MV5BMjhjYWVjZWItZmE3OS00ZTNmLWJhYTktZGM1YWZiNDgxNTU2XkEyXkFqcGdeQXVyMTQxNzMzNDI@._V1_UY268_CR4,0,182,268_AL_.jpg"
112495,http://www.imdb.com/title/tt112495,Beyond Rangoon (1995),6.6,Action|Drama,"https://images-na.ssl-images-amazon.com/images/M/MV5BMTQwODgxMTA1NV5BMl5BanBnXkFtZTcwNzg0MTgyMQ@@._V1_UX182_CR0,0,182,268_AL_.jpg"
112541,http://www.imdb.com/title/tt112541,Blue in the Face (1995),6.7,Comedy,"https://images-na.ssl-images-amazon.com/images/M/MV5BMjE4MTUzMDIyMl5BMl5BanBnXkFtZTcwNzk4MDYyMQ@@._V1_UY268_CR0,0,182,268_AL_.jpg"
109370,http://www.imdb.com/title/tt109370,Canadian Bacon (1995),5.9,Comedy,"https://images-na.ssl-images-amazon.com/images/M/MV5BMTUwNDU0NzcwMl5BMl5BanBnXkFtZTcwNzk1NjAzNA@@._V1_UY268_CR0,0,182,268_AL_.jpg"
112642,http://www.imdb.com/title/tt112642,Casper (1995),6,Comedy|Family|Fantasy,"https://images-na.ssl-images-amazon.com/images/M/MV5BZThhYTlhMDUtMDhjZi00MTljLTkwMDYtOGU3ZjVlMWE4NDk4XkEyXkFqcGdeQXVyMTQxNzMzNDI@._V1_UY268_CR5,0,182,268_AL_.jpg"
112688,http://www.imdb.com/title/tt112688,Clockers (1995),6.9,Crime|Drama|Mystery,"https://images-na.ssl-images-amazon.com/images/M/MV5BNGRlZjMzMzctZmJiYS00NzUwLWI5NDYtZmIyZjcwOGVkYmM1XkEyXkFqcGdeQXVyNTc1NTQxODI@._V1_UX182_CR0,0,182,268_AL_.jpg"
112715,http://www.imdb.com/title/tt112715,Congo (1995),5.1,Action|Adventure|Mystery,"https://images-na.ssl-images-amazon.com/images/M/MV5BMmQ2YWFjZGItMTNiZi00ZDFmLWE3ZTAtNTZiZTI5ZjBjYzlkXkEyXkFqcGdeQXVyMTQxNzMzNDI@._V1_UX182_CR0,0,182,268_AL_.jpg"
112740,http://www.imdb.com/title/tt112740,Crimson Tide (1995),7.3,Action|Drama|Thriller,"https://images-na.ssl-images-amazon.com/images/M/MV5BMmFkY2IxNTAtMWRiNS00MWU2LWI1NDYtY2YxYTQyYTk5OTBhXkEyXkFqcGdeQXVyNDk3NzU2MTQ@._V1_UX182_CR0,0,182,268_AL_.jpg"
109508,http://www.imdb.com/title/tt109508,Crumb (1994),8,Documentary|Biography|Comedy,"https://images-na.ssl-images-amazon.com/images/M/MV5BMTc1MzcxODgwMl5BMl5BanBnXkFtZTcwMjU1NzE1Mw@@._V1_UY268_CR3,0,182,268_AL_.jpg"
112851,http://www.imdb.com/title/tt112851,Desperado (1995),7.2,Action|Thriller,"https://images-na.ssl-images-amazon.com/images/M/MV5BYjA0NDMyYTgtMDgxOC00NGE0LWJkOTQtNDRjMjEzZmU0ZTQ3XkEyXkFqcGdeQXVyMTQxNzMzNDI@._V1_UX182_CR0,0,182,268_AL_.jpg"
112857,http://www.imdb.com/title/tt112857,Devil in a Blue Dress (1995),6.7,Crime|Drama|Mystery,"https://images-na.ssl-images-amazon.com/images/M/MV5BMTQyNTA0ODIzOV5BMl5BanBnXkFtZTcwMzg2ODUxMQ@@._V1_UY268_CR2,0,182,268_AL_.jpg"
112864,http://www.imdb.com/title/tt112864,Die Hard with a Vengeance (1995),7.6,Action|Adventure|Thriller,"https://images-na.ssl-images-amazon.com/images/M/MV5BZjI0ZWFiMmQtMjRlZi00ZmFhLWI4NmYtMjQ5YmY0MzIyMzRiXkEyXkFqcGdeQXVyMTQxNzMzNDI@._V1_UX182_CR0,0,182,268_AL_.jpg"
112887,http://www.imdb.com/title/tt112887,The Doom Generation (1995),5.9,Action|Comedy|Crime,"https://images-na.ssl-images-amazon.com/images/M/MV5BYjEwZDUyODktOGVmOC00ZjIyLTlmM2YtZDZjY2Y2ZWE4ZjMyXkEyXkFqcGdeQXVyMTQxNzMzNDI@._V1_UX182_CR0,0,182,268_AL_.jpg"
113044,http://www.imdb.com/title/tt113044,Feast of July (1995),6.4,Crime|Drama|Mystery,"https://images-na.ssl-images-amazon.com/images/M/MV5BODQ5NTcyODQ4Ml5BMl5BanBnXkFtZTcwNjgxNzUyMQ@@._V1_UY268_CR4,0,182,268_AL_.jpg"
113071,http://www.imdb.com/title/tt113071,First Knight (1995),5.9,Action|Adventure|Romance,"https://images-na.ssl-images-amazon.com/images/M/MV5BOGUyZmJmM2MtMDNlZC00ZDU0LWIwODQtNGFmOWJjZjk5ZThhXkEyXkFqcGdeQXVyNjUwNzk3NDc@._V1_UX182_CR0,0,182,268_AL_.jpg"
113114,http://www.imdb.com/title/tt113114,Free Willy 2: The Adventure Home (1995),4.9,Adventure|Drama|Family,"https://images-na.ssl-images-amazon.com/images/M/MV5BZWY3OWY3MjUtN2E3NS00M2RkLWI5MWUtMmI4MjQ0MjFmZjM2XkEyXkFqcGdeQXVyMTQxNzMzNDI@._V1_UX182_CR0,0,182,268_AL_.jpg"
113243,http://www.imdb.com/title/tt113243,Hackers (1995),6.2,Comedy|Crime|Drama,"https://images-na.ssl-images-amazon.com/images/M/MV5BODg0NjQ5ODQ3OF5BMl5BanBnXkFtZTcwNjU4MjkzNA@@._V1_UX182_CR0,0,182,268_AL_.jpg"
113464,http://www.imdb.com/title/tt113464,Jeffrey (1995),6.7,Comedy|Drama,"https://images-na.ssl-images-amazon.com/images/M/MV5BMTc4MjM1Njc3NF5BMl5BanBnXkFtZTcwNzI0OTgyMQ@@._V1_UY268_CR3,0,182,268_AL_.jpg"
113481,http://www.imdb.com/title/tt113481,Johnny Mnemonic (1995),5.6,Action|Crime|Sci-Fi,"https://images-na.ssl-images-amazon.com/images/M/MV5BNTdhYjEzYTEtYTkwZC00NzgxLWI0ZWEtYmEyMGZhOWYwMjE2XkEyXkFqcGdeQXVyMTQxNzMzNDI@._V1_UX182_CR0,0,182,268_AL_.jpg"
113492,http://www.imdb.com/title/tt113492,Judge Dredd (1995),5.5,Action|Crime|Sci-Fi,"https://images-na.ssl-images-amazon.com/images/M/MV5BYmM1NzUyY2YtOTU4My00ZmFmLWI4ZjYtYzJlM2JlOTBhZmIzXkEyXkFqcGdeQXVyNjE5MjUyOTM@._V1_UX182_CR0,0,182,268_AL_.jpg"
113500,http://www.imdb.com/title/tt113500,Jury Duty (1995),4.1,Comedy,"https://images-na.ssl-images-amazon.com/images/M/MV5BN2RlNGM4NjEtNjUxZC00YjA2LThjYjQtMDdkNDA1YzNlNzJjXkEyXkFqcGdeQXVyMTQxNzMzNDI@._V1_UX182_CR0,0,182,268_AL_.jpg"
113540,http://www.imdb.com/title/tt113540,Kids (1995),7,Drama,"https://images-na.ssl-images-amazon.com/images/M/MV5BNTNmN2QyNTgtMTk0ZC00NmFhLWJlNzctZmMyYTczZTYyMzA1XkEyXkFqcGdeQXVyMTQxNzMzNDI@._V1_UX182_CR0,0,182,268_AL_.jpg"
113677,http://www.imdb.com/title/tt113677,Living in Oblivion (1995),7.6,Comedy|Drama,"https://images-na.ssl-images-amazon.com/images/M/MV5BMTQ3NjAwMDc3MV5BMl5BanBnXkFtZTcwNDg2NTgxMQ@@._V1_UY268_CR1,0,182,268_AL_.jpg"
113690,http://www.imdb.com/title/tt113690,Lord of Illusions (1995),6,Horror|Mystery|Thriller,"https://images-na.ssl-images-amazon.com/images/M/MV5BNDg1OTc0MDQwNl5BMl5BanBnXkFtZTcwMjQ3NDk0NA@@._V1_UX182_CR0,0,182,268_AL_.jpg"
107447,http://www.imdb.com/title/tt107447,Love & Human Remains (1993),6.7,Drama|Comedy,"https://images-na.ssl-images-amazon.com/images/M/MV5BMTcxMzQ2OTk5OF5BMl5BanBnXkFtZTcwMDUxNDMzMQ@@._V1_UY268_CR1,0,182,268_AL_.jpg"
113729,http://www.imdb.com/title/tt113729,Mad Love (1995),5.3,Drama|Romance,"https://images-na.ssl-images-amazon.com/images/M/MV5BNDE0NTQ1NjQzM15BMl5BanBnXkFtZTYwNDI4MDU5._V1_UY268_CR4,0,182,268_AL_.jpg"
113749,http://www.imdb.com/title/tt113749,Mallrats (1995),7.2,Comedy|Romance,"https://images-na.ssl-images-amazon.com/images/M/MV5BYTNjYTA4OGItZGZmMy00ODkzLTk3ZDgtNDdhODk1YjBiMWI4L2ltYWdlL2ltYWdlXkEyXkFqcGdeQXVyMTQxNzMzNDI@._V1_UX182_CR0,0,182,268_AL_.jpg"
113820,http://www.imdb.com/title/tt113820,Mighty Morphin Power Rangers: The Movie (1995),5.1,Action|Adventure|Family,"https://images-na.ssl-images-amazon.com/images/M/MV5BMTc3NDc4MjU2NV5BMl5BanBnXkFtZTcwNzY4NjUyMQ@@._V1_UY268_CR3,0,182,268_AL_.jpg"
113851,http://www.imdb.com/title/tt113851,Moonlight and Valentino (1995),5.8,Comedy|Drama|Romance,"https://images-na.ssl-images-amazon.com/images/M/MV5BYjBhZDFhYWMtYTA0MS00NTZkLWI2YTAtMGJmZmVlNmE3YmE1XkEyXkFqcGdeQXVyMTA0MjU0Ng@@._V1_UX182_CR0,0,182,268_AL_.jpg"
110604,http://www.imdb.com/title/tt110604,Mute Witness (1995),6.8,Horror|Thriller,"https://images-na.ssl-images-amazon.com/images/M/MV5BMTQwMjczODAyOV5BMl5BanBnXkFtZTcwNDA5NjQyMQ@@._V1_UY268_CR0,0,182,268_AL_.jpg"
110620,http://www.imdb.com/title/tt110620,Nadja (1994),6,Drama|Horror,"https://images-na.ssl-images-amazon.com/images/M/MV5BMTk2NTE5MDI4MV5BMl5BanBnXkFtZTcwODM4MDMzMQ@@._V1_UY268_CR43,0,182,268_AL_.jpg"
113957,http://www.imdb.com/title/tt113957,The Net (1995),5.9,Action|Crime|Drama,"https://images-na.ssl-images-amazon.com/images/M/MV5BYWU1YjQ3NTUtZjZkZi00ZDc5LTgyZTgtNzkxMTIzNzUwZGY0XkEyXkFqcGdeQXVyNDk3NzU2MTQ@._V1_UX182_CR0,0,182,268_AL_.jpg"
113986,http://www.imdb.com/title/tt113986,Nine Months (1995),5.4,Comedy|Romance,"https://images-na.ssl-images-amazon.com/images/M/MV5BY2U3YTQzYWYtZTBlYi00ZmJjLTkzMjAtOTljYmE5MThhNzk5L2ltYWdlL2ltYWdlXkEyXkFqcGdeQXVyMTQxNzMzNDI@._V1_UX182_CR0,0,182,268_AL_.jpg"
114095,http://www.imdb.com/title/tt114095,Party Girl (1995),6.6,Comedy,"https://images-na.ssl-images-amazon.com/images/M/MV5BMTQ0MTE0NTQxMV5BMl5BanBnXkFtZTcwMDQ2NjkyMQ@@._V1_UY268_CR0,0,182,268_AL_.jpg"
114194,http://www.imdb.com/title/tt114194,The Prophecy (1995),6.6,Action|Crime|Drama,"https://images-na.ssl-images-amazon.com/images/M/MV5BZjM4N2I0ZjYtMTFmNC00ZGQ0LWIzNmMtZDZjNzIwOGM1NzA0XkEyXkFqcGdeQXVyMTQxNzMzNDI@._V1_UX182_CR0,0,182,268_AL_.jpg"
114241,http://www.imdb.com/title/tt114241,Reckless (1995),5.1,Comedy|Drama|Fantasy,"https://images-na.ssl-images-amazon.com/images/M/MV5BMTk4ODEzNDktM2U1ZC00MjhiLWEyMTgtNmI2NGM0ZWE3MTE2XkEyXkFqcGdeQXVyNjExODE1MDc@._V1_UY268_CR0,0,182,268_AL_.jpg"
114323,http://www.imdb.com/title/tt114323,Safe (1995),7.2,Drama,"https://images-na.ssl-images-amazon.com/images/M/MV5BODliOWEzMTUtZDQ5ZS00ZTBmLTgzNzEtMGVkOTlhYWNkYjE2XkEyXkFqcGdeQXVyMTQxNzMzNDI@._V1_UX182_CR0,0,182,268_AL_.jpg"
114345,http://www.imdb.com/title/tt114345,The Scarlet Letter (1995),5.2,Drama|Romance,"https://images-na.ssl-images-amazon.com/images/M/MV5BMTk4MTg0NzMxMV5BMl5BanBnXkFtZTcwMDc4ODUyMQ@@._V1_UX182_CR0,0,182,268_AL_.jpg"
114435,http://www.imdb.com/title/tt114435,The Show (1995),6.8,Documentary|Music,"https://images-na.ssl-images-amazon.com/images/M/MV5BMTAwNDYwMTEzNzZeQTJeQWpwZ15BbWU3MDY2MTY2MjE@._V1_UY268_CR3,0,182,268_AL_.jpg"
114436,http://www.imdb.com/title/tt114436,Showgirls (1995),4.6,Drama,"https://images-na.ssl-images-amazon.com/images/M/MV5BNzcyMjExNjg3OF5BMl5BanBnXkFtZTgwOTY4Mjc1MDE@._V1_UX182_CR0,0,182,268_AL_.jpg"
114478,http://www.imdb.com/title/tt114478,Smoke (1995),7.4,Comedy|Drama,"https://images-na.ssl-images-amazon.com/images/M/MV5BMjUwYTdiYjItNTgzNS00MmQ3LWJlMDctODMyNTkxMjIxMDgwL2ltYWdlL2ltYWdlXkEyXkFqcGdeQXVyMTA0MjU0Ng@@._V1_UY268_CR0,0,182,268_AL_.jpg"
114496,http://www.imdb.com/title/tt114496,Something to Talk About (1995),5.7,Comedy|Drama|Romance,"https://images-na.ssl-images-amazon.com/images/M/MV5BMTIzOTczNTM1MF5BMl5BanBnXkFtZTcwMDM5MDMyMQ@@._V1_UY268_CR8,0,182,268_AL_.jpg"
114508,http://www.imdb.com/title/tt114508,Species (1995),5.8,Action|Horror|Sci-Fi,"https://images-na.ssl-images-amazon.com/images/M/MV5BMjMyNTE0ODUzOF5BMl5BanBnXkFtZTcwNjY5NTk1NA@@._V1_UX182_CR0,0,182,268_AL_.jpg"
114534,http://www.imdb.com/title/tt114534,The Stars Fell on Henrietta (1995),6.5,Drama,"https://images-na.ssl-images-amazon.com/images/M/MV5BMTU4NTYzMzIzMF5BMl5BanBnXkFtZTcwODk4MTkxMQ@@._V1_UX182_CR0,0,182,268_AL_.jpg"
114558,http://www.imdb.com/title/tt114558,Strange Days (1995),7.2,Action|Crime|Drama,"https://images-na.ssl-images-amazon.com/images/M/MV5BMjQ2NTQ0NzgtODUzYy00NThlLWFhNDEtNjhkY2M0M2EwY2ZmXkEyXkFqcGdeQXVyNDk3NzU2MTQ@._V1_UX182_CR0,0,182,268_AL_.jpg"
58450,http://www.imdb.com/title/tt58450,The Umbrellas of Cherbourg (1964),7.8,Drama|Musical|Romance,"https://images-na.ssl-images-amazon.com/images/M/MV5BZmMyNzg3MGYtZTllNS00MjVjLWI0NmQtMTZlNzBmZjBjZTZmXkEyXkFqcGdeQXVyMjgyNjk3MzE@._V1_UX182_CR0,0,182,268_AL_.jpg"
114666,http://www.imdb.com/title/tt114666,The Tie That Binds (1995),5,Crime|Drama|Thriller,"https://images-na.ssl-images-amazon.com/images/M/MV5BMTg1NDgxMzYyM15BMl5BanBnXkFtZTcwNzIyOTEyMQ@@._V1_UY268_CR3,0,182,268_AL_.jpg"
114663,http://www.imdb.com/title/tt114663,Three Wishes (1995),6.2,Drama|Fantasy,"https://images-na.ssl-images-amazon.com/images/M/MV5BMTYzMTYxODc2N15BMl5BanBnXkFtZTcwMTMzNjAwMQ@@._V1_UY268_CR7,0,182,268_AL_.jpg"
114702,http://www.imdb.com/title/tt114702,Total Eclipse (1995),6.6,Biography|Drama|Romance,"https://images-na.ssl-images-amazon.com/images/M/MV5BMjEyMTY0NDM2N15BMl5BanBnXkFtZTcwMjMzNDYxMQ@@._V1_UX182_CR0,0,182,268_AL_.jpg"
114682,http://www.imdb.com/title/tt114682,"To Wong Foo Thanks for Everything, Julie Newmar (1995)",6.4,Comedy|Drama,"https://images-na.ssl-images-amazon.com/images/M/MV5BMjEyNzgxNTk0OF5BMl5BanBnXkFtZTcwOTAzNjgyMQ@@._V1._CR2,3,261,413_UX182_CR0,0,182,268_AL_.jpg"
114781,http://www.imdb.com/title/tt114781,Under Siege 2: Dark Territory (1995),5.4,Action|Thriller,"https://images-na.ssl-images-amazon.com/images/M/MV5BMmUxMDE0MTItMTRiMC00YzgwLTkwODItN2FkOTQ0MjNhY2QwXkEyXkFqcGdeQXVyMDEwMjgxNg@@._V1_UX182_CR0,0,182,268_AL_.jpg"
114798,http://www.imdb.com/title/tt114798,Unstrung Heroes (1995),6.7,Comedy|Drama,"https://images-na.ssl-images-amazon.com/images/M/MV5BMTY1ODY5NDUzMl5BMl5BanBnXkFtZTcwNDgwNjUyMQ@@._V1_UY268_CR5,0,182,268_AL_.jpg"
114805,http://www.imdb.com/title/tt114805,Unzipped (1995),6.4,Documentary,"https://images-na.ssl-images-amazon.com/images/M/MV5BMjAwODIwMTk2Nl5BMl5BanBnXkFtZTcwMzA4NDUyMQ@@._V1_UY268_CR1,0,182,268_AL_.jpg"
114887,http://www.imdb.com/title/tt114887,A Walk in the Clouds (1995),6.6,Drama|Romance,"https://images-na.ssl-images-amazon.com/images/M/MV5BNjg3OTQzOTM5MF5BMl5BanBnXkFtZTYwNTY5NzY5._V1_UY268_CR2,0,182,268_AL_.jpg"
114898,http://www.imdb.com/title/tt114898,Waterworld (1995),6.1,Action|Adventure|Sci-Fi,"https://images-na.ssl-images-amazon.com/images/M/MV5BYzE4NTRmMDYtNWYzYi00YmNkLTk4NDEtYjFmMDc4ODQ3ODY2XkEyXkFqcGdeQXVyNTUyMzE4Mzg@._V1_UX182_CR0,0,182,268_AL_.jpg"
114928,http://www.imdb.com/title/tt114928,White Man's Burden (1995),5.2,Drama|Thriller,"https://images-na.ssl-images-amazon.com/images/M/MV5BMTI2ODY1ODcwMl5BMl5BanBnXkFtZTcwNzYzNzUxMQ@@._V1_UY268_CR3,0,182,268_AL_.jpg"
114938,http://www.imdb.com/title/tt114938,Wild Bill (1995),5.9,Action|Biography|Western,"https://images-na.ssl-images-amazon.com/images/M/MV5BMjI0MjI4NDkyOF5BMl5BanBnXkFtZTcwNzQ0NTg3NA@@._V1_UX182_CR0,0,182,268_AL_.jpg"
109340,http://www.imdb.com/title/tt109340,The Browning Version (1994),7.3,Drama,"https://images-na.ssl-images-amazon.com/images/M/MV5BMTY5MjM0OTUwMF5BMl5BanBnXkFtZTcwMTg1NDAwMQ@@._V1_UY268_CR4,0,182,268_AL_.jpg"
112602,http://www.imdb.com/title/tt112602,Bushwhacked (1995),5.5,Adventure|Comedy|Crime,"https://images-na.ssl-images-amazon.com/images/M/MV5BM2NlODBjNWQtMDUwNC00MjAzLWFhMWYtNGFiMDliNWY5Y2M5XkEyXkFqcGdeQXVyMDEwMjgxNg@@._V1_UX182_CR0,0,182,268_AL_.jpg"
111579,http://www.imdb.com/title/tt111579,Burnt by the Sun (1994),8,Drama|War,"https://images-na.ssl-images-amazon.com/images/M/MV5BMzQ5MDUwNDMyOV5BMl5BanBnXkFtZTcwOTQyMTAwMQ@@._V1_UY268_CR0,0,182,268_AL_.jpg"
110882,http://www.imdb.com/title/tt110882,Before the Rain (1994),8.1,Drama|War,"https://images-na.ssl-images-amazon.com/images/M/MV5BMTM3MzAwMzc1N15BMl5BanBnXkFtZTcwMjA4NjA3MQ@@._V1_UY268_CR5,0,182,268_AL_.jpg"
112471,http://www.imdb.com/title/tt112471,Before Sunrise (1995),8.1,Drama|Romance,"https://images-na.ssl-images-amazon.com/images/M/MV5BZDdiZTAwYzAtMDI3Ni00OTRjLTkzN2UtMGE3MDMyZmU4NTU4XkEyXkFqcGdeQXVyNjU0OTQ0OTY@._V1_UX182_CR0,0,182,268_AL_.jpg"
112508,http://www.imdb.com/title/tt112508,Billy Madison (1995),6.4,Comedy,"https://images-na.ssl-images-amazon.com/images/M/MV5BMzcyMjZmNjctNGNhMS00ZmQxLWFkNzQtYTIxYjVkYmU1NmNmXkEyXkFqcGdeQXVyMTQxNzMzNDI@._V1_UX182_CR0,0,182,268_AL_.jpg"
112438,http://www.imdb.com/title/tt112438,The Babysitter (1995),4.2,Drama|Thriller,"https://images-na.ssl-images-amazon.com/images/M/MV5BMTY4NjgxOTI5M15BMl5BanBnXkFtZTcwNDYyNDk5MQ@@._V1_UX182_CR0,0,182,268_AL_.jpg"
112571,http://www.imdb.com/title/tt112571,Boys on the Side (1995),6.4,Comedy|Drama,"https://images-na.ssl-images-amazon.com/images/M/MV5BMTQzNzg4NDk3OF5BMl5BanBnXkFtZTcwMjcwNTgxMQ@@._V1_UY268_CR9,0,182,268_AL_.jpg"
112757,http://www.imdb.com/title/tt112757,The Cure (1995),7.7,Drama,"https://images-na.ssl-images-amazon.com/images/M/MV5BNTcyMDM2NjkzOF5BMl5BanBnXkFtZTcwNzg0MDcyMQ@@._V1_UY268_CR3,0,182,268_AL_.jpg"
112643,http://www.imdb.com/title/tt112643,Castle Freak (1995),5.9,Drama|Horror|Mystery,"https://images-na.ssl-images-amazon.com/images/M/MV5BMTUyMzQ3MjU5MV5BMl5BanBnXkFtZTcwMTI0NTYzNQ@@._V1_UY268_CR5,0,182,268_AL_.jpg"
112679,http://www.imdb.com/title/tt112679,Circle of Friends (1995),6.6,Drama|Romance,"https://images-na.ssl-images-amazon.com/images/M/MV5BNTAwOTIwMjgxMV5BMl5BanBnXkFtZTcwNjQ0MDYyMQ@@._V1_UY268_CR4,0,182,268_AL_.jpg"
109445,http://www.imdb.com/title/tt109445,Clerks (1994),7.8,Comedy,"https://images-na.ssl-images-amazon.com/images/M/MV5BNzE1Njk0NmItNDhlMC00ZmFlLWI4ZTUtYTY4ZjgzNjkyMTU1XkEyXkFqcGdeQXVyMTQxNzMzNDI@._V1_UX182_CR0,0,182,268_AL_.jpg"
112883,http://www.imdb.com/title/tt112883,Don Juan DeMarco (1994),6.7,Comedy|Drama|Romance,"https://images-na.ssl-images-amazon.com/images/M/MV5BNzRiMGM2ODgtN2Y1Zi00ODk5LThhOTItOWVkODM0YjAyZTI2XkEyXkFqcGdeQXVyNjUwNzk3NDc@._V1_UX182_CR0,0,182,268_AL_.jpg"
109635,http://www.imdb.com/title/tt109635,Disclosure (1994),6,Drama|Thriller,"https://images-na.ssl-images-amazon.com/images/M/MV5BYzhkNjE2YTQtYWQzNS00ZTkwLTg4YzAtNjNlYTRlMGEzYjcxL2ltYWdlXkEyXkFqcGdeQXVyMTQxNzMzNDI@._V1_UX182_CR0,0,182,268_AL_.jpg"
112899,http://www.imdb.com/title/tt112899,Dream Man (1995),4.6,Thriller,"https://images-na.ssl-images-amazon.com/images/M/MV5BMTQzMjEwNzk4OV5BMl5BanBnXkFtZTgwNTI4ODk1MDE@._V1_UX182_CR0,0,182,268_AL_.jpg"
109676,http://www.imdb.com/title/tt109676,Drop Zone (1994),5.6,Action|Adventure|Thriller,"https://images-na.ssl-images-amazon.com/images/M/MV5BYTFjOWQyODItZWJiOC00NTM2LWIzNDEtMjRlY2NiNTI4YWU1XkEyXkFqcGdeQXVyNDk3NzU2MTQ@._V1_UX182_CR0,0,182,268_AL_.jpg"
112854,http://www.imdb.com/title/tt112854,Destiny Turns on the Radio (1995),4.5,Crime|Comedy|Fantasy,"https://images-na.ssl-images-amazon.com/images/M/MV5BMTQzMDUwMDA0OF5BMl5BanBnXkFtZTYwNjY4NDg5._V1_UX182_CR0,0,182,268_AL_.jpg"
109579,http://www.imdb.com/title/tt109579,Death and the Maiden (1994),7.3,Drama|Mystery|Thriller,"https://images-na.ssl-images-amazon.com/images/M/MV5BMTQyODAxOTUzN15BMl5BanBnXkFtZTcwNDE0ODMyMQ@@._V1_UY268_CR3,0,182,268_AL_.jpg"
109642,http://www.imdb.com/title/tt109642,Dolores Claiborne (1995),7.4,Crime|Drama|Mystery,"https://images-na.ssl-images-amazon.com/images/M/MV5BNzhkNjFlNDQtMDYxNy00NGU5LWE4YmItOWIyYzg5MTNmNzcxXkEyXkFqcGdeQXVyMTQxNzMzNDI@._V1_UX182_CR0,0,182,268_AL_.jpg"
109686,http://www.imdb.com/title/tt109686,Dumb & Dumber (1994),7.3,Comedy,"https://images-na.ssl-images-amazon.com/images/M/MV5BZDQwMjNiMTQtY2UwYy00NjhiLTk0ZWEtZWM5ZWMzNGFjNTVkXkEyXkFqcGdeQXVyMTQxNzMzNDI@._V1_UY268_CR0,0,182,268_AL_.jpg"
111797,http://www.imdb.com/title/tt111797,Eat Drink Man Woman (1994),7.8,Comedy|Drama|Romance,"https://images-na.ssl-images-amazon.com/images/M/MV5BMTg5NTQxMjc5MV5BMl5BanBnXkFtZTcwMjYxODcxMQ@@._V1_UY268_CR3,0,182,268_AL_.jpg"
109759,http://www.imdb.com/title/tt109759,Exotica (1994),7.2,Drama,"https://images-na.ssl-images-amazon.com/images/M/MV5BMGIxN2NiMDYtYjQ0YS00M2ViLTkzYTUtNDdhYWZmOTM0ZmJkXkEyXkFqcGdeQXVyMTQxNzMzNDI@._V1_UY268_CR0,0,182,268_AL_.jpg"
109758,http://www.imdb.com/title/tt109758,Exit to Eden (1994),4.1,Comedy|Crime|Romance,"https://images-na.ssl-images-amazon.com/images/M/MV5BMjA3OTM4NjQ4Nl5BMl5BanBnXkFtZTcwODY0NjIyMQ@@._V1_UX182_CR0,0,182,268_AL_.jpg"
109707,http://www.imdb.com/title/tt109707,Ed Wood (1994),7.9,Biography|Comedy|Drama,"https://images-na.ssl-images-amazon.com/images/M/MV5BNTA5ZjdjNWUtZGUwNy00N2RhLWJiZmItYzFhYjU1NmYxNjY4XkEyXkFqcGdeQXVyMTQxNzMzNDI@._V1_UX182_CR0,0,182,268_AL_.jpg"
113117,http://www.imdb.com/title/tt113117,French Kiss (1995),6.5,Comedy|Drama|Romance,"https://images-na.ssl-images-amazon.com/images/M/MV5BMTkzMjg5MDQ3M15BMl5BanBnXkFtZTgwOTM5NTE0MDE@._V1_UX182_CR0,0,182,268_AL_.jpg"
113097,http://www.imdb.com/title/tt113097,Forget Paris (1995),6.4,Comedy|Romance,"https://images-na.ssl-images-amazon.com/images/M/MV5BMTQ4MjUyOTc2Ml5BMl5BanBnXkFtZTcwNzYzMDcxMQ@@._V1_UY268_CR4,0,182,268_AL_.jpg"
113028,http://www.imdb.com/title/tt113028,Far from Home: The Adventures of Yellow Dog (1995),6.4,Adventure|Family,"https://images-na.ssl-images-amazon.com/images/M/MV5BMjE3MTg2NDU0Ml5BMl5BanBnXkFtZTYwODM0NDk5._V1_UY268_CR3,0,182,268_AL_.jpg"
113198,http://www.imdb.com/title/tt113198,A Goofy Movie (1995),6.8,Animation|Adventure|Comedy,"https://images-na.ssl-images-amazon.com/images/M/MV5BZDczYjU4MDMtY2RjMy00Y2UyLWE2MmMtZjliYWUwNzQ3YjExXkEyXkFqcGdeQXVyMTQxNzMzNDI@._V1_UX182_CR0,0,182,268_AL_.jpg"
113303,http://www.imdb.com/title/tt113303,Hideaway (1995),5.3,Fantasy|Horror|Thriller,"https://images-na.ssl-images-amazon.com/images/M/MV5BMmM1OTU2MDQtZWVjMi00NmY4LWI1ZDYtZTg0ODE5YTUxNDA1XkEyXkFqcGdeQXVyNTAyODkwOQ@@._V1_UX182_CR0,0,182,268_AL_.jpg"
113089,http://www.imdb.com/title/tt113089,Fluke (1995),6.7,Drama|Family|Fantasy,"https://images-na.ssl-images-amazon.com/images/M/MV5BMTg0NDU0NjY2OF5BMl5BanBnXkFtZTYwMjk1Nzk4._V1_UY268_CR2,0,182,268_AL_.jpg"
109771,http://www.imdb.com/title/tt109771,Farinelli (1994),6.9,Biography|Drama|Music,"https://images-na.ssl-images-amazon.com/images/M/MV5BMTgxMzI3MTQ2NV5BMl5BanBnXkFtZTcwMzQxMTYyMQ@@._V1_UX182_CR0,0,182,268_AL_.jpg"
113199,http://www.imdb.com/title/tt113199,Gordy (1995),3.9,Comedy|Drama|Family,"https://images-na.ssl-images-amazon.com/images/M/MV5BMTc3MDg1ODU4MF5BMl5BanBnXkFtZTcwNjQwMzkxMQ@@._V1_UY268_CR2,0,182,268_AL_.jpg"
113234,http://www.imdb.com/title/tt113234,Gumby: The Movie (1995),6.2,Animation|Action|Adventure,"https://images-na.ssl-images-amazon.com/images/M/MV5BNjU0ODM1MjExOF5BMl5BanBnXkFtZTcwNDY0ODcyMg@@._V1_UY268_CR3,0,182,268_AL_.jpg"
109906,http://www.imdb.com/title/tt109906,The Glass Shield (1994),6.6,Crime|Drama,"https://images-na.ssl-images-amazon.com/images/M/MV5BMTQzNDUyMTg2N15BMl5BanBnXkFtZTcwMTQ5OTAzMQ@@._V1_UX182_CR0,0,182,268_AL_.jpg"
110057,http://www.imdb.com/title/tt110057,Hoop Dreams (1994),8.3,Documentary|Drama|Sport,"https://images-na.ssl-images-amazon.com/images/M/MV5BNjQ1MDA0YWMtMDliZC00N2ZhLWIwZDItNjhjNTMzYTMwMWU4L2ltYWdlXkEyXkFqcGdeQXVyMTQxNzMzNDI@._V1_UX182_CR0,0,182,268_AL_.jpg"
110005,http://www.imdb.com/title/tt110005,Heavenly Creatures (1994),7.4,Biography|Crime|Drama,"https://images-na.ssl-images-amazon.com/images/M/MV5BZjUwNGIwNDctZmQ1ZC00YTEzLWI3MzQtZGMyODlmZGU4ZDdhXkEyXkFqcGdeQXVyMTQxNzMzNDI@._V1_UX182_CR0,0,182,268_AL_.jpg"
110066,http://www.imdb.com/title/tt110066,Houseguest (1995),5.9,Comedy,"https://images-na.ssl-images-amazon.com/images/M/MV5BMjE5MDQ1NTY1Ml5BMl5BanBnXkFtZTYwODgxODQ5._V1_UY268_CR2,0,182,268_AL_.jpg"
110116,http://www.imdb.com/title/tt110116,Immortal Beloved (1994),7.5,Biography|Drama|Music,"https://images-na.ssl-images-amazon.com/images/M/MV5BNzE3NjQ4MTQyNV5BMl5BanBnXkFtZTYwOTU1MDg4._V1_UX182_CR0,0,182,268_AL_.jpg"
110006,http://www.imdb.com/title/tt110006,Heavy Weights (1995),6.7,Comedy|Drama|Family,"https://images-na.ssl-images-amazon.com/images/M/MV5BMTY4MDMyODQwM15BMl5BanBnXkFtZTYwNTY5Mzk5._V1_UY268_CR2,0,182,268_AL_.jpg"
113360,http://www.imdb.com/title/tt113360,The Hunted (1995),5.9,Action|Drama|Thriller,"https://images-na.ssl-images-amazon.com/images/M/MV5BMTI4MjA5Nzg1M15BMl5BanBnXkFtZTcwOTU5ODEyMQ@@._V1_UY268_CR3,0,182,268_AL_.jpg"
110099,http://www.imdb.com/title/tt110099,I.Q. (1994),6.2,Comedy|Romance,"https://images-na.ssl-images-amazon.com/images/M/MV5BMTIwMTc2ODg3NV5BMl5BanBnXkFtZTcwNjEyNTUxMQ@@._V1_UY268_CR4,0,182,268_AL_.jpg"
110148,http://www.imdb.com/title/tt110148,Interview with the Vampire: The Vampire Chronicles (1994),7.6,Drama|Fantasy|Horror,"https://images-na.ssl-images-amazon.com/images/M/MV5BYThmYjJhMGItNjlmOC00ZDRiLWEzNjUtZjU4MjA3MzY0MzFmXkEyXkFqcGdeQXVyNTI4MjkwNjA@._V1_UX182_CR0,0,182,268_AL_.jpg"
113463,http://www.imdb.com/title/tt113463,Jefferson in Paris (1995),5.7,Biography|Drama|History,"https://images-na.ssl-images-amazon.com/images/M/MV5BMTI1MjA3MDQ3Nl5BMl5BanBnXkFtZTcwNTkyNTUyMQ@@._V1_UY268_CR1,0,182,268_AL_.jpg"
110189,http://www.imdb.com/title/tt110189,The Jerky Boys (1995),4.6,Comedy|Crime,"https://images-na.ssl-images-amazon.com/images/M/MV5BMjE4OTI4OTEyNF5BMl5BanBnXkFtZTcwNDk5NjUyMQ@@._V1_UY268_CR5,0,182,268_AL_.jpg"
110216,http://www.imdb.com/title/tt110216,Junior (1994),4.5,Comedy|Romance|Sci-Fi,"https://images-na.ssl-images-amazon.com/images/M/MV5BMTYwNjA3MTUxMl5BMl5BanBnXkFtZTcwMDk2MjAyMQ@@._V1_UY268_CR4,0,182,268_AL_.jpg"
113501,http://www.imdb.com/title/tt113501,Just Cause (1995),6.4,Action|Crime|Drama,"https://images-na.ssl-images-amazon.com/images/M/MV5BMzNlNzEyMDEtMjM0Yi00YjNiLWI4YmItNjFjZWQ2MWUxMTZiXkEyXkFqcGdeQXVyNjUwNzk3NDc@._V1_UX182_CR0,0,182,268_AL_.jpg"
113538,http://www.imdb.com/title/tt113538,A Kid in King Arthur's Court (1995),4.8,Adventure|Comedy|Family,"https://images-na.ssl-images-amazon.com/images/M/MV5BMTUyODY0Nzk2NF5BMl5BanBnXkFtZTcwNjQwMTMyMQ@@._V1_UY268_CR2,0,182,268_AL_.jpg"
113552,http://www.imdb.com/title/tt113552,Kiss of Death (1995),5.9,Action|Crime|Thriller,"https://images-na.ssl-images-amazon.com/images/M/MV5BOTY2MTMyMjM0OV5BMl5BanBnXkFtZTcwNzQ0OTUyMQ@@._V1_UY268_CR2,0,182,268_AL_.jpg"
76759,http://www.imdb.com/title/tt76759,Star Wars: Episode IV - A New Hope (1977),8.7,Action|Adventure|Fantasy,"https://images-na.ssl-images-amazon.com/images/M/MV5BYzQ2OTk4N2QtOGQwNy00MmI3LWEwNmEtOTk0OTY3NDk2MGJkL2ltYWdlL2ltYWdlXkEyXkFqcGdeQXVyNjc1NTYyMjg@._V1_UX182_CR0,0,182,268_AL_.jpg"
110367,http://www.imdb.com/title/tt110367,Little Women (1994),7.3,Drama|Family|Romance,"https://images-na.ssl-images-amazon.com/images/M/MV5BMjE0MzkwMDczNV5BMl5BanBnXkFtZTcwNzU1ODYxMQ@@._V1_UX182_CR0,0,182,268_AL_.jpg"
113670,http://www.imdb.com/title/tt113670,A Little Princess (1995),7.7,Drama|Family|Fantasy,"https://images-na.ssl-images-amazon.com/images/M/MV5BZDQzMGE5ODYtZDdiNC00MzZjLTg2NjAtZTk0ODlkYmY4MTQzXkEyXkFqcGdeQXVyMTQxNzMzNDI@._V1_UX182_CR0,0,182,268_AL_.jpg"
110296,http://www.imdb.com/title/tt110296,Ladybird Ladybird (1994),7.5,Drama,"https://images-na.ssl-images-amazon.com/images/M/MV5BMjE0MjcyMzY0MF5BMl5BanBnXkFtZTcwMTExNDMzMQ@@._V1_UY268_CR4,0,182,268_AL_.jpg"
109731,http://www.imdb.com/title/tt109731,L'Enfer (1994),7.2,Crime|Drama|Thriller,"https://images-na.ssl-images-amazon.com/images/M/MV5BMTc2OTI1MDYzM15BMl5BanBnXkFtZTcwMjk3MzUxMQ@@._V1_UX182_CR0,0,182,268_AL_.jpg"
103994,http://www.imdb.com/title/tt103994,Como agua para chocolate (1992),7.2,Drama|Romance,"https://images-na.ssl-images-amazon.com/images/M/MV5BMTUxNDI3MTIyMF5BMl5BanBnXkFtZTcwMzg5NDEzMQ@@._V1_UY268_CR1,0,182,268_AL_.jpg"
110322,http://www.imdb.com/title/tt110322,Legends of the Fall (1994),7.5,Drama|Romance|War,"https://images-na.ssl-images-amazon.com/images/M/MV5BMTYwMjYxNTAyN15BMl5BanBnXkFtZTgwMTc3MjkyMTE@._V1_UX182_CR0,0,182,268_AL_.jpg"
110443,http://www.imdb.com/title/tt110443,Major Payne (1995),6.1,Adventure|Comedy|Family,"https://images-na.ssl-images-amazon.com/images/M/MV5BMTk5MTAwODQwMF5BMl5BanBnXkFtZTcwMzE5NjMyMQ@@._V1_UY268_CR4,0,182,268_AL_.jpg"
110365,http://www.imdb.com/title/tt110365,Little Odessa (1994),6.8,Crime|Drama,"https://images-na.ssl-images-amazon.com/images/M/MV5BMTU2MzUyNzc5OV5BMl5BanBnXkFtZTcwODc4OTUyMQ@@._V1_UX182_CR0,0,182,268_AL_.jpg"
107566,http://www.imdb.com/title/tt107566,Mi vida loca (1993),6.5,Crime|Drama,"https://images-na.ssl-images-amazon.com/images/M/MV5BNTg4ODk5NTQyN15BMl5BanBnXkFtZTcwMDM1MjYyMQ@@._V1_UY268_CR2,0,182,268_AL_.jpg"
110391,http://www.imdb.com/title/tt110391,Love Affair (1994),5.9,Comedy|Drama|Romance,"https://images-na.ssl-images-amazon.com/images/M/MV5BMTI2MzY0NTE3MF5BMl5BanBnXkFtZTcwOTk1NTAyMQ@@._V1_UX182_CR0,0,182,268_AL_.jpg"
113691,http://www.imdb.com/title/tt113691,Losing Isaiah (1995),6.4,Drama,"https://images-na.ssl-images-amazon.com/images/M/MV5BMTg4NjM0MTExMl5BMl5BanBnXkFtZTcwNjY4MjEyMQ@@._V1_UY268_CR3,0,182,268_AL_.jpg"
110428,http://www.imdb.com/title/tt110428,The Madness of King George (1994),7.2,Biography|Comedy|Drama,"https://images-na.ssl-images-amazon.com/images/M/MV5BMjExMzk0ODQyNV5BMl5BanBnXkFtZTcwODk0ODE1NA@@._V1_UX182_CR0,0,182,268_AL_.jpg"
109836,http://www.imdb.com/title/tt109836,Mary Shelley's Frankenstein (1994),6.4,Drama|Horror|Romance,"https://images-na.ssl-images-amazon.com/images/M/MV5BMDY3ZjIyOGMtZjI3YS00YTUxLTg4YjAtODhjNWM1Nzk4MDE3XkEyXkFqcGdeQXVyNjE5MjUyOTM@._V1_UX182_CR0,0,182,268_AL_.jpg"
113755,http://www.imdb.com/title/tt113755,Man of the House (1995),5,Comedy|Family,"https://images-na.ssl-images-amazon.com/images/M/MV5BOGE3MDZhMWYtYmZiMC00N2QwLWI1YTAtNjkwN2MxODU0NGFlXkEyXkFqcGdeQXVyMTQxNzMzNDI@._V1_UX182_CR0,0,182,268_AL_.jpg"
110538,http://www.imdb.com/title/tt110538,Mixed Nuts (1994),5.3,Comedy|Drama,"https://images-na.ssl-images-amazon.com/images/M/MV5BMTQ5NzY1MDA4OF5BMl5BanBnXkFtZTcwMTYwNDcxMQ@@._V1_UX182_CR0,0,182,268_AL_.jpg"
110516,http://www.imdb.com/title/tt110516,Milk Money (1994),5.5,Comedy|Romance,"https://images-na.ssl-images-amazon.com/images/M/MV5BMTQ1NDQ3NzU4NV5BMl5BanBnXkFtZTcwNTA1MTYyMQ@@._V1_UX182_CR0,0,182,268_AL_.jpg"
110527,http://www.imdb.com/title/tt110527,Miracle on 34th Street (1994),6.4,Family|Fantasy,"https://images-na.ssl-images-amazon.com/images/M/MV5BZjk3M2UyN2YtNmQ1MS00MWI3LWEzNGMtYTRkM2E5MWNjOWJjL2ltYWdlL2ltYWdlXkEyXkFqcGdeQXVyMTQxNzMzNDI@._V1_UX182_CR0,0,182,268_AL_.jpg"
113808,http://www.imdb.com/title/tt113808,Miami Rhapsody (1995),5.4,Comedy,"https://images-na.ssl-images-amazon.com/images/M/MV5BMTYzNjU3MTk2NV5BMl5BanBnXkFtZTcwMzU0MzQyMQ@@._V1_UY268_CR2,0,182,268_AL_.jpg"
113896,http://www.imdb.com/title/tt113896,My Family (1995),7.3,Drama,"https://images-na.ssl-images-amazon.com/images/M/MV5BMTg5OTM1Mzg4NV5BMl5BanBnXkFtZTgwMzY2NjQzMTE@._V1_UY268_CR0,0,182,268_AL_.jpg"
113870,http://www.imdb.com/title/tt113870,Murder in the First (1995),7.3,Drama|Thriller,"https://images-na.ssl-images-amazon.com/images/M/MV5BNjQyZGI3MWUtZGY5Ny00ZDFjLThjNzItYTI3ZTNhODJhNGVkL2ltYWdlXkEyXkFqcGdeQXVyNTAyODkwOQ@@._V1_UX182_CR0,0,182,268_AL_.jpg"
110684,http://www.imdb.com/title/tt110684,Nobody's Fool (1994),7.4,Comedy|Drama,"https://images-na.ssl-images-amazon.com/images/M/MV5BMjg0YzYzYzktNTY3NC00MDE0LThjMzYtMmY0MWZlNDdiYWY2XkEyXkFqcGdeQXVyNDk3NzU2MTQ@._V1_UY268_CR1,0,182,268_AL_.jpg"
110638,http://www.imdb.com/title/tt110638,Nell (1994),6.5,Drama,"https://images-na.ssl-images-amazon.com/images/M/MV5BNTM2MDQ0NTQ2OF5BMl5BanBnXkFtZTcwNjI2OTQyMQ@@._V1_UY268_CR2,0,182,268_AL_.jpg"
113967,http://www.imdb.com/title/tt113967,New Jersey Drive (1995),6.7,Crime|Drama,"https://images-na.ssl-images-amazon.com/images/M/MV5BMTc0NzA1MTA3Ml5BMl5BanBnXkFtZTcwMTc3NTcyMQ@@._V1_UY268_CR3,0,182,268_AL_.jpg"
117169,http://www.imdb.com/title/tt117169,New York Cop (1993),4.2,Action|Crime|Drama,"https://images-na.ssl-images-amazon.com/images/M/MV5BMTQxNDY0MjMxOV5BMl5BanBnXkFtZTYwNzg3NjA5._V1_UX182_CR0,0,182,268_AL_.jpg"
106402,http://www.imdb.com/title/tt106402,Beyond Bedlam (1994),3.4,Comedy|Horror,"https://images-na.ssl-images-amazon.com/images/M/MV5BMTczMDkzNTg0OF5BMl5BanBnXkFtZTcwMzk2NTAyMQ@@._V1_UY268_CR1,0,182,268_AL_.jpg"
113948,http://www.imdb.com/title/tt113948,Nemesis 2: Nebula (1995),4.7,Action|Sci-Fi|Thriller,"https://images-na.ssl-images-amazon.com/images/M/MV5BMzgxZTE4ZGMtOTYxNS00Nzc2LWExYTEtN2FhMzg5NGE4YmFhXkEyXkFqcGdeQXVyNjUyMTU4NzA@._V1_UX182_CR0,0,182,268_AL_.jpg"
110671,http://www.imdb.com/title/tt110671,Nina Takes a Lover (1994),5.7,Comedy|Romance,"https://images-na.ssl-images-amazon.com/images/M/MV5BMTY1MTU5Nzc3N15BMl5BanBnXkFtZTcwNzY4MTUyMQ@@._V1_UY268_CR0,0,182,268_AL_.jpg"
110632,http://www.imdb.com/title/tt110632,Natural Born Killers (1994),7.3,Crime|Drama,"https://images-na.ssl-images-amazon.com/images/M/MV5BMTI2NTU2Nzc0MV5BMl5BanBnXkFtZTcwMzY1OTM2MQ@@._V1_UX182_CR0,0,182,268_AL_.jpg"
110737,http://www.imdb.com/title/tt110737,Only You (1994),6.5,Comedy|Romance,"https://images-na.ssl-images-amazon.com/images/M/MV5BMmEzOWI2YTUtMDNkNS00MDRlLWFmMTctNDAyNTdiYjU5MDZiXkEyXkFqcGdeQXVyNDk3NzU2MTQ@._V1_UY268_CR9,0,182,268_AL_.jpg"
110729,http://www.imdb.com/title/tt110729,Once Were Warriors (1994),7.9,Crime|Drama,"https://images-na.ssl-images-amazon.com/images/M/MV5BMjAzODA3MzE4NF5BMl5BanBnXkFtZTcwMjIwMzAwMQ@@._V1_UY268_CR3,0,182,268_AL_.jpg"
114151,http://www.imdb.com/title/tt114151,Poison Ivy II (1996),4.4,Drama|Thriller,"https://images-na.ssl-images-amazon.com/images/M/MV5BMzI1NzYyMzc5MV5BMl5BanBnXkFtZTcwMjQwOTYyMQ@@._V1_UY268_CR3,0,182,268_AL_.jpg"
114069,http://www.imdb.com/title/tt114069,Outbreak (1995),6.6,Action|Drama|Thriller,"https://images-na.ssl-images-amazon.com/images/M/MV5BZTg1Mzk1NjAtNGFlOS00NzdlLWI0NTgtYzlmNTUzZGQ0NjYzXkEyXkFqcGdeQXVyMTQxNzMzNDI@._V1_UX182_CR0,0,182,268_AL_.jpg"
110413,http://www.imdb.com/title/tt110413,L??on: The Professional (1994),8.6,Crime|Drama|Thriller,"https://images-na.ssl-images-amazon.com/images/M/MV5BMjdjMGU3MGYtN2Y5ZC00MTE4LWE4YWQtMTBhMjc3MTk0ZDUwXkEyXkFqcGdeQXVyNjU0OTQ0OTY@._V1_UX182_CR0,0,182,268_AL_.jpg"
114113,http://www.imdb.com/title/tt114113,The Perez Family (1995),6.1,Comedy|Romance|Drama,"https://images-na.ssl-images-amazon.com/images/M/MV5BMTk1MTI2Nzg0NF5BMl5BanBnXkFtZTcwOTcwOTc2NA@@._V1_UX182_CR0,0,182,268_AL_.jpg"
114210,http://www.imdb.com/title/tt114210,A Pyromaniac's Love Story (1995),5.4,Comedy|Romance,"https://images-na.ssl-images-amazon.com/images/M/MV5BMTcwMzI4NzQ2Ml5BMl5BanBnXkFtZTcwOTQ4ODUyMQ@@._V1_UX182_CR0,0,182,268_AL_.jpg"
110912,http://www.imdb.com/title/tt110912,Pulp Fiction (1994),8.9,Crime|Drama,"https://images-na.ssl-images-amazon.com/images/M/MV5BMTkxMTA5OTAzMl5BMl5BanBnXkFtZTgwNjA5MDc3NjE@._V1_UX182_CR0,0,182,268_AL_.jpg"
114084,http://www.imdb.com/title/tt114084,Panther (1995),6.4,Drama,"https://images-na.ssl-images-amazon.com/images/M/MV5BMTY3MDc3NDQ3N15BMl5BanBnXkFtZTcwODA3NzYxMQ@@._V1_UY268_CR2,0,182,268_AL_.jpg"
105652,http://www.imdb.com/title/tt105652,Tui shou (1992),7.3,Comedy|Drama,"https://images-na.ssl-images-amazon.com/images/M/MV5BMTIxMzk0MDYzNV5BMl5BanBnXkFtZTcwNTkwNTgxMQ@@._V1_UY268_CR6,0,182,268_AL_.jpg"
110889,http://www.imdb.com/title/tt110889,Priest (1994),7.1,Drama|Romance,"https://images-na.ssl-images-amazon.com/images/M/MV5BYzAyYzQ0ODQtNzNhMi00NWVkLTk1YTItODE4Y2U4YmE0NDgzXkEyXkFqcGdeQXVyMTQxNzMzNDI@._V1_UX182_CR0,0,182,268_AL_.jpg"
110932,http://www.imdb.com/title/tt110932,Quiz Show (1994),7.5,Biography|Drama|History,"https://images-na.ssl-images-amazon.com/images/M/MV5BNTYxNjdjMzUtYzAyNC00NWJhLWFlM2EtNWM4NDBhZmQ1YjJiXkEyXkFqcGdeQXVyNDk3NzU2MTQ@._V1_UX182_CR0,0,182,268_AL_.jpg"
114129,http://www.imdb.com/title/tt114129,Picture Bride (1994),6.8,Drama|Romance,"https://images-na.ssl-images-amazon.com/images/M/MV5BMTUxMjgzNDE4Ml5BMl5BanBnXkFtZTcwMzkzNzQyMQ@@._V1_UY268_CR2,0,182,268_AL_.jpg"
110963,http://www.imdb.com/title/tt110963,Queen Margot (1994),7.5,Biography|Crime|Drama,"https://images-na.ssl-images-amazon.com/images/M/MV5BNTc4NTdjODgtZmI1MS00MDI5LWFhZjYtMjAzNTVhYzk1ZjFiXkEyXkFqcGdeQXVyMTA0MjU0Ng@@._V1_UY268_CR8,0,182,268_AL_.jpg"
114214,http://www.imdb.com/title/tt114214,The Quick and the Dead (1995),6.4,Action|Romance|Thriller,"https://images-na.ssl-images-amazon.com/images/M/MV5BOTI2ZTZmMmItMmM3YS00ZjUwLWJiODMtMmRjMWM4NDE0OWFhXkEyXkFqcGdeQXVyMTQxNzMzNDI@._V1_UX182_CR0,0,182,268_AL_.jpg"
114296,http://www.imdb.com/title/tt114296,Roommates (1995),6.4,Comedy|Drama,"https://images-na.ssl-images-amazon.com/images/M/MV5BMTQyNjMzMTkzN15BMl5BanBnXkFtZTcwOTY4NzkyMQ@@._V1_UY268_CR1,0,182,268_AL_.jpg"
110907,http://www.imdb.com/title/tt110907,Ready to Wear (1994),5,Comedy|Drama,"https://images-na.ssl-images-amazon.com/images/M/MV5BMTY1NjkxNzQ2OV5BMl5BanBnXkFtZTYwNDUyNjc5._V1._CR2,2,330,423_UY268_CR13,0,182,268_AL_.jpg"
111495,http://www.imdb.com/title/tt111495,Three Colors: Red (1994),8.1,Drama|Mystery|Romance,"https://images-na.ssl-images-amazon.com/images/M/MV5BYTg1MmNiMjItMmY4Yy00ZDQ3LThjMzYtZGQ0ZTQzNTdkMGQ1L2ltYWdlL2ltYWdlXkEyXkFqcGdeQXVyMTQxNzMzNDI@._V1_UX182_CR0,0,182,268_AL_.jpg"
108394,http://www.imdb.com/title/tt108394,Three Colors: Blue (1993),8,Drama|Music|Mystery,"https://images-na.ssl-images-amazon.com/images/M/MV5BZjYxMzU5ZGItOTk0Yy00OGU4LTkyMGQtYmQ3MjQ0ODRjOTJlL2ltYWdlL2ltYWdlXkEyXkFqcGdeQXVyMTQxNzMzNDI@._V1_UX182_CR0,0,182,268_AL_.jpg"
111507,http://www.imdb.com/title/tt111507,Three Colors: White (1994),7.7,Comedy|Drama|Romance,"https://images-na.ssl-images-amazon.com/images/M/MV5BMTc1ODkzOWItNmM4NS00OGQzLTg5NjctOThjY2M1MGI5ZTRkL2ltYWdlL2ltYWdlXkEyXkFqcGdeQXVyMTQxNzMzNDI@._V1_UX182_CR0,0,182,268_AL_.jpg"
110769,http://www.imdb.com/title/tt110769,Pao Da Shuang Deng (1994),7,Drama|Romance,"https://images-na.ssl-images-amazon.com/images/M/MV5BMTY5NTU3NDgxNV5BMl5BanBnXkFtZTcwMTI4NzEzMQ@@._V1_UY268_CR2,0,182,268_AL_.jpg"
114268,http://www.imdb.com/title/tt114268,Rent-a-Kid (1995),5.4,Drama|Family|Comedy,"https://images-na.ssl-images-amazon.com/images/M/MV5BMjYwMzA3Njg2MF5BMl5BanBnXkFtZTcwOTI1NDMzMQ@@._V1_UY268_CR3,0,182,268_AL_.jpg"
110965,http://www.imdb.com/title/tt110965,Relative Fear (1994),5.7,Drama|Horror|Thriller,"https://images-na.ssl-images-amazon.com/images/M/MV5BYTAyMDBkYTgtNzNhOC00ZWFmLWFlYjEtMzA0MGY4MDEwZjM2XkEyXkFqcGdeQXVyMzU0NzkwMDg@._V1_UX182_CR0,0,182,268_AL_.jpg"
114571,http://www.imdb.com/title/tt114571,Stuart Saves His Family (1995),5.3,Comedy|Drama,"https://images-na.ssl-images-amazon.com/images/M/MV5BMTMwODE1MDkxOF5BMl5BanBnXkFtZTcwNTEyNzIyMQ@@._V1_UY268_CR2,0,182,268_AL_.jpg"
111333,http://www.imdb.com/title/tt111333,The Swan Princess (1994),6.4,Animation|Comedy|Family,"https://images-na.ssl-images-amazon.com/images/M/MV5BNDM2OGM1MjAtYjA3Zi00NzEzLWFiOWMtYjg4MDdiMzYzMWVkL2ltYWdlL2ltYWdlXkEyXkFqcGdeQXVyNDA5Mjg5MjA@._V1_UY268_CR3,0,182,268_AL_.jpg"
111112,http://www.imdb.com/title/tt111112,The Secret of Roan Inish (1994),7.5,Drama|Family|Fantasy,"https://images-na.ssl-images-amazon.com/images/M/MV5BNTY3MTAzMDI4MF5BMl5BanBnXkFtZTcwMjE3NTYyMQ@@._V1_UX182_CR0,0,182,268_AL_.jpg"
111255,http://www.imdb.com/title/tt111255,The Specialist (1994),5.5,Action|Crime|Drama,"https://images-na.ssl-images-amazon.com/images/M/MV5BYjMwZDMwZTItMTc2MC00NDRlLWI3YmUtNTg0ZmQ3MzdhNDJmXkEyXkFqcGdeQXVyNjQ2MjQ5NzM@._V1_UY268_CR3,0,182,268_AL_.jpg"
111282,http://www.imdb.com/title/tt111282,Stargate (1994),7.1,Action|Adventure|Sci-Fi,"https://images-na.ssl-images-amazon.com/images/M/MV5BYWEyYTQzNzQtZTg5OS00NDhkLTg1NjYtMzA5Y2MyYjYzNWQ5L2ltYWdlL2ltYWdlXkEyXkFqcGdeQXVyNTAyODkwOQ@@._V1_UX182_CR0,0,182,268_AL_.jpg"
111070,http://www.imdb.com/title/tt111070,The Santa Clause (1994),6.4,Comedy|Drama|Family,"https://images-na.ssl-images-amazon.com/images/M/MV5BYzI0ZGRiYTEtNGExYi00ZDI2LWExMjMtODMzNDZjMTVjOWMxXkEyXkFqcGdeQXVyNTIzOTk5ODM@._V1_UX182_CR0,0,182,268_AL_.jpg"
111161,http://www.imdb.com/title/tt111161,The Shawshank Redemption (1994),9.3,Crime|Drama,"https://images-na.ssl-images-amazon.com/images/M/MV5BODU4MjU4NjIwNl5BMl5BanBnXkFtZTgwMDU2MjEyMDE@._V1_UX182_CR0,0,182,268_AL_.jpg"
111149,http://www.imdb.com/title/tt111149,Shallow Grave (1994),7.4,Crime|Thriller,"https://images-na.ssl-images-amazon.com/images/M/MV5BZmVmOWVlODYtOTQ0Yy00ODY1LTgwZjMtYWFhOWQ3ODhmYjliL2ltYWdlXkEyXkFqcGdeQXVyNjUwNzk3NDc@._V1_UX182_CR0,0,182,268_AL_.jpg"
108260,http://www.imdb.com/title/tt108260,Suture (1993),6.7,Drama|Thriller,"https://images-na.ssl-images-amazon.com/images/M/MV5BOTc0ODlkMzEtNjE5My00ODA2LTg5ZjMtYWFjOTE1ZmNmMzk0XkEyXkFqcGdeQXVyMTQxNzMzNDI@._V1_UX182_CR0,0,182,268_AL_.jpg"
106966,http://www.imdb.com/title/tt106966,Strawberry and Chocolate (1993),7.5,Comedy|Drama|Romance,"https://images-na.ssl-images-amazon.com/images/M/MV5BMzhjMDQ1YTctNTNmNS00NDZjLWFjYjUtM2FhZTA2NmYxZjJlXkEyXkFqcGdeQXVyMTA0MjU0Ng@@._V1_UY268_CR3,0,182,268_AL_.jpg"
114594,http://www.imdb.com/title/tt114594,Swimming with Sharks (1994),7.1,Comedy|Crime,"https://images-na.ssl-images-amazon.com/images/M/MV5BZjNhZmVmZGQtMTQ3OS00YWEzLThjMWUtMWFiNjA3YzQ1Yjg0XkEyXkFqcGdeQXVyMTQxNzMzNDI@._V1_UY268_CR2,0,182,268_AL_.jpg"
111309,http://www.imdb.com/title/tt111309,The Sum of Us (1994),7.4,Comedy|Drama,"https://images-na.ssl-images-amazon.com/images/M/MV5BMTA0NjExNjQ3NTdeQTJeQWpwZ15BbWU3MDczNjcyOTQ@._V1_UX182_CR0,0,182,268_AL_.jpg"
113936,http://www.imdb.com/title/tt113936,Senior Trip (1995),5.6,Adventure|Comedy,"https://images-na.ssl-images-amazon.com/images/M/MV5BNjcxNDAxNDEzN15BMl5BanBnXkFtZTcwOTA0MjAwMQ@@._V1_UX182_CR0,0,182,268_AL_.jpg"
110081,http://www.imdb.com/title/tt110081,To Live (1994),8.3,Drama|History|War,"https://images-na.ssl-images-amazon.com/images/M/MV5BOGU0OGY2NWItNDA0MC00NmRjLWI4YWQtMTUyNWJmM2RmYjA4XkEyXkFqcGdeQXVyNjQ2MjQ5NzM@._V1_UY268_CR4,0,182,268_AL_.jpg"
114614,http://www.imdb.com/title/tt114614,Tank Girl (1995),5.2,Action|Comedy|Sci-Fi,"https://images-na.ssl-images-amazon.com/images/M/MV5BMjE3ODMxNzU3NV5BMl5BanBnXkFtZTcwOTQzMTM3NA@@._V1_UX182_CR0,0,182,268_AL_.jpg"
114608,http://www.imdb.com/title/tt114608,Tales from the Crypt: Demon Knight (1995),6.7,Action|Fantasy|Horror,"https://images-na.ssl-images-amazon.com/images/M/MV5BNGM3N2VmNDQtNWMwNC00MDI5LThhNzYtNTlkZjkwZTJlNTRjXkEyXkFqcGdeQXVyMTQxNzMzNDI@._V1_UY268_CR0,0,182,268_AL_.jpg"
111280,http://www.imdb.com/title/tt111280,Star Trek: Generations (1994),6.6,Action|Adventure|Mystery,"https://images-na.ssl-images-amazon.com/images/M/MV5BNjFiMzc4YzAtNGMzYS00NjI0LWJhYTYtN2JiOTI2ODczYzE3XkEyXkFqcGdeQXVyNTUyMzE4Mzg@._V1_UX182_CR0,0,182,268_AL_.jpg"
114609,http://www.imdb.com/title/tt114609,Tales from the Hood (1995),6.2,Crime|Horror|Thriller,"https://images-na.ssl-images-amazon.com/images/M/MV5BMDZjYTMzZDEtYjJkNS00MTI1LTgyZDctM2FlYjk2NDMyNTQzXkEyXkFqcGdeQXVyMTQxNzMzNDI@._V1_UX182_CR0,0,182,268_AL_.jpg"
111454,http://www.imdb.com/title/tt111454,Tom & Viv (1994),6.5,Biography|Drama|Romance,"https://images-na.ssl-images-amazon.com/images/M/MV5BMTQyMDg2NjAwM15BMl5BanBnXkFtZTcwOTU1OTIyMQ@@._V1_UY268_CR3,0,182,268_AL_.jpg"
114852,http://www.imdb.com/title/tt114852,Village of the Damned (1995),5.6,Horror|Sci-Fi|Thriller,"https://images-na.ssl-images-amazon.com/images/M/MV5BNTY5MzEwMjctMmQ1MS00YThmLWJhMjQtYzMxOWZlNTEyNGM5XkEyXkFqcGdeQXVyMTQxNzMzNDI@._V1_UX182_CR0,0,182,268_AL_.jpg"
114694,http://www.imdb.com/title/tt114694,Tommy Boy (1995),7,Adventure|Comedy,"https://images-na.ssl-images-amazon.com/images/M/MV5BNTMwZGU3MGUtZWE0Ni00YzExLWIyY2MtMmNmMDlmYTdmNzFkXkEyXkFqcGdeQXVyNjExODE1MDc@._V1_UX182_CR0,0,182,268_AL_.jpg"
111590,http://www.imdb.com/title/tt111590,Vanya on 42nd Street (1994),7.5,Comedy|Drama|Romance,"https://images-na.ssl-images-amazon.com/images/M/MV5BOWIzMTEwNGUtN2Y5MS00NTAzLTljZDktMTBkZGZiNGFiZjM1XkEyXkFqcGdeQXVyMTQxNzMzNDI@._V1_UY268_CR4,0,182,268_AL_.jpg"
114788,http://www.imdb.com/title/tt114788,The Underneath (1995),6.2,Crime|Thriller,"https://images-na.ssl-images-amazon.com/images/M/MV5BMThkNTIwZjItMjg2Ni00MGRiLWIxYTgtOThhODE2ZGNlZTZjXkEyXkFqcGdeQXVyMTQxNzMzNDI@._V1_UX182_CR0,0,182,268_AL_.jpg"
114888,http://www.imdb.com/title/tt114888,The Walking Dead (1995),4.8,Drama|War,"https://images-na.ssl-images-amazon.com/images/M/MV5BMTk5NTQ4MDE1OF5BMl5BanBnXkFtZTcwMjA3MzAyMQ@@._V1_UX182_CR0,0,182,268_AL_.jpg"
108550,http://www.imdb.com/title/tt108550,What's Eating Gilbert Grape (1993),7.8,Drama,"https://images-na.ssl-images-amazon.com/images/M/MV5BY2EyZDlhNjItODYzNi00Mzc3LWJjOWUtMTViODU5MTExZWMyL2ltYWdlXkEyXkFqcGdeQXVyMTQxNzMzNDI@._V1_UX182_CR0,0,182,268_AL_.jpg"
114857,http://www.imdb.com/title/tt114857,Virtuosity (1995),5.5,Action|Crime|Sci-Fi,"https://images-na.ssl-images-amazon.com/images/M/MV5BMDhhZmMyNmItNTc3Ni00MmI3LTlhZWItM2ZiNmUxOTM0YTMxXkEyXkFqcGdeQXVyNjExODE1MDc@._V1_UX182_CR0,0,182,268_AL_.jpg"
114924,http://www.imdb.com/title/tt114924,While You Were Sleeping (1995),6.7,Comedy|Drama|Romance,"https://images-na.ssl-images-amazon.com/images/M/MV5BMTU5NjU4NDUzMl5BMl5BanBnXkFtZTgwMjc4NDgzMTE@._V1_UX182_CR0,0,182,268_AL_.jpg"
111667,http://www.imdb.com/title/tt111667,The War (1994),6.7,Drama,"https://images-na.ssl-images-amazon.com/images/M/MV5BMTM1NTEyMjcxNF5BMl5BanBnXkFtZTcwNDUyODIyMQ@@._V1_UY268_CR3,0,182,268_AL_.jpg"
109655,http://www.imdb.com/title/tt109655,Double Happiness (1994),7.2,Drama|Romance,"https://images-na.ssl-images-amazon.com/images/M/MV5BMjE2MjI3NjQzNV5BMl5BanBnXkFtZTcwNzMzOTE0MQ@@._V1_UY268_CR3,0,182,268_AL_.jpg"
110598,http://www.imdb.com/title/tt110598,Muriel's Wedding (1994),7.2,Comedy|Drama|Romance,"https://images-na.ssl-images-amazon.com/images/M/MV5BMTgyMzgwNDMwNV5BMl5BanBnXkFtZTcwNTAwMzAzMQ@@._V1_UY268_CR2,0,182,268_AL_.jpg"
112435,http://www.imdb.com/title/tt112435,The Baby-Sitters Club (1995),5.7,Comedy|Drama|Family,"https://images-na.ssl-images-amazon.com/images/M/MV5BMTYwMjU1MzQ5MF5BMl5BanBnXkFtZTcwMDAwNDAwMQ@@._V1_UY268_CR1,0,182,268_AL_.jpg"
109040,http://www.imdb.com/title/tt109040,Ace Ventura: Pet Detective (1994),6.9,Comedy,"https://images-na.ssl-images-amazon.com/images/M/MV5BMjAzNTI0ODUxOF5BMl5BanBnXkFtZTgwNTQxNzQxMTE@._V1_UX182_CR0,0,182,268_AL_.jpg"
109045,http://www.imdb.com/title/tt109045,"The Adventures of Priscilla, Queen of the Desert (1994)",7.5,Comedy|Music,"https://images-na.ssl-images-amazon.com/images/M/MV5BMTc5MDU1NzcyN15BMl5BanBnXkFtZTcwMDA0ODYyNA@@._V1_UX182_CR0,0,182,268_AL_.jpg"
106339,http://www.imdb.com/title/tt106339,Backbeat (1994),6.7,Biography|Drama|Music,"https://images-na.ssl-images-amazon.com/images/M/MV5BMTQxMzAxNjkxNl5BMl5BanBnXkFtZTcwODEzOTUyMQ@@._V1._CR23,21,321,478_UX182_CR0,0,182,268_AL_.jpg"
104779,http://www.imdb.com/title/tt104779,Bitter Moon (1992),7.1,Drama|Romance|Thriller,"https://images-na.ssl-images-amazon.com/images/M/MV5BMTU0ODYyODkxNF5BMl5BanBnXkFtZTcwNTU1MTAwMQ@@._V1_UY268_CR2,0,182,268_AL_.jpg"
109348,http://www.imdb.com/title/tt109348,Bullets Over Broadway (1994),7.5,Comedy|Crime,"https://images-na.ssl-images-amazon.com/images/M/MV5BM2M4MWU5NzItYTBkOC00ZjYxLTljZWEtYWMzODY3YmExMWY4XkEyXkFqcGdeQXVyMTAwMzUyOTc@._V1_UX182_CR0,0,182,268_AL_.jpg"
109444,http://www.imdb.com/title/tt109444,Clear and Present Danger (1994),6.9,Action|Crime|Drama,"https://images-na.ssl-images-amazon.com/images/M/MV5BMTUxOTk4NzUyOF5BMl5BanBnXkFtZTgwNzc3ODYxMTE@._V1_UX182_CR0,0,182,268_AL_.jpg"
109446,http://www.imdb.com/title/tt109446,The Client (1994),6.7,Crime|Drama|Mystery,"https://images-na.ssl-images-amazon.com/images/M/MV5BNGNjZWYwZGYtZWIxZC00OTYyLTllYTMtZWNiNmQ0YWUzMjkxXkEyXkFqcGdeQXVyMTQxNzMzNDI@._V1_UX182_CR0,0,182,268_AL_.jpg"
109484,http://www.imdb.com/title/tt109484,"Corrina, Corrina (1994)",6.5,Comedy|Drama|Romance,"https://images-na.ssl-images-amazon.com/images/M/MV5BMTI2MTM0MjE1Nl5BMl5BanBnXkFtZTcwOTcwMzEyMQ@@._V1_UY268_CR8,0,182,268_AL_.jpg"
109504,http://www.imdb.com/title/tt109504,Crooklyn (1994),6.9,Comedy|Drama,"https://images-na.ssl-images-amazon.com/images/M/MV5BZGQ3NmFjNDktYzNiZS00NDk3LTk2ODEtYjExZjg3YWU3Y2ZmXkEyXkFqcGdeQXVyMTQxNzMzNDI@._V1_UX182_CR0,0,182,268_AL_.jpg"
109506,http://www.imdb.com/title/tt109506,The Crow (1994),7.6,Action|Drama|Fantasy,"https://images-na.ssl-images-amazon.com/images/M/MV5BM2Y4ZGVhZjItNjU0OC00MDk1LWI4ZTktYTgwMWJkNDE5OTcxXkEyXkFqcGdeQXVyMTQxNzMzNDI@._V1_UX182_CR0,0,182,268_AL_.jpg"
109450,http://www.imdb.com/title/tt109450,Cobb (1994),6.5,Biography|Drama|Sport,"https://images-na.ssl-images-amazon.com/images/M/MV5BNzk2MzU1Mjg2M15BMl5BanBnXkFtZTcwNDc4MzAwMQ@@._V1_UY268_CR8,0,182,268_AL_.jpg"
109813,http://www.imdb.com/title/tt109813,The Flintstones (1994),4.8,Comedy|Family|Fantasy,"https://images-na.ssl-images-amazon.com/images/M/MV5BNTE1MDBiZTMtNzUwNC00MGY4LTk2ZjAtNDIzMjIxZTFlNjY2L2ltYWdlL2ltYWdlXkEyXkFqcGdeQXVyNjQ2MjQ5NzM@._V1_UX182_CR0,0,182,268_AL_.jpg"
109830,http://www.imdb.com/title/tt109830,Forrest Gump (1994),8.8,Comedy|Drama|Romance,"https://images-na.ssl-images-amazon.com/images/M/MV5BYThjM2MwZGMtMzg3Ny00NGRkLWE4M2EtYTBiNWMzOTY0YTI4XkEyXkFqcGdeQXVyNDYyMDk5MTU@._V1_UY268_CR10,0,182,268_AL_.jpg"
109831,http://www.imdb.com/title/tt109831,Four Weddings and a Funeral (1994),7.1,Comedy|Drama|Romance,"https://images-na.ssl-images-amazon.com/images/M/MV5BMTMyNzg2NzgxNV5BMl5BanBnXkFtZTcwMTcxNzczNA@@._V1_UX182_CR0,0,182,268_AL_.jpg"
113305,http://www.imdb.com/title/tt113305,Higher Learning (1995),6.5,Crime|Drama|Romance,"https://images-na.ssl-images-amazon.com/images/M/MV5BMTI1NDEwMDg4Ml5BMl5BanBnXkFtZTcwMzY4MTgxMQ@@._V1_UY268_CR4,0,182,268_AL_.jpg"
110091,http://www.imdb.com/title/tt110091,I Like It Like That (1994),6.8,Comedy|Drama|Romance,"https://images-na.ssl-images-amazon.com/images/M/MV5BMTIyODAzNjAyNF5BMl5BanBnXkFtZTcwNjc3ODUyMQ@@._V1_UY268_CR0,0,182,268_AL_.jpg"
110093,http://www.imdb.com/title/tt110093,I Love Trouble (1994),5.2,Action|Comedy|Romance,"https://images-na.ssl-images-amazon.com/images/M/MV5BY2Q3NDY1ZGYtYTdhZi00NzhiLWE3MGQtZmJiNGUyOWZmNmJhXkEyXkFqcGdeQXVyNDk3NzU2MTQ@._V1_UY268_CR3,0,182,268_AL_.jpg"
110167,http://www.imdb.com/title/tt110167,It Could Happen to You (1994),6.3,Comedy|Drama|Romance,"https://images-na.ssl-images-amazon.com/images/M/MV5BYzMxOGUzOWEtMGUxMi00ZWM1LWE3ODgtNzc4OGVjZmJhMmFmXkEyXkFqcGdeQXVyODY0NzcxNw@@._V1_UY268_CR9,0,182,268_AL_.jpg"
110213,http://www.imdb.com/title/tt110213,The Jungle Book (1994),6,Adventure|Family|Romance,"https://images-na.ssl-images-amazon.com/images/M/MV5BMTQ1MDQxNjcxNV5BMl5BanBnXkFtZTcwMTEwOTEzMQ@@._V1_UY268_CR3,0,182,268_AL_.jpg"
107472,http://www.imdb.com/title/tt107472,Die Macht der Bilder: Leni Riefenstahl (1993),8.1,Documentary|Biography|History,"https://images-na.ssl-images-amazon.com/images/M/MV5BNzQ0OTM1NjQ2M15BMl5BanBnXkFtZTYwMzkwNTE5._V1_UY268_CR8,0,182,268_AL_.jpg"
110357,http://www.imdb.com/title/tt110357,The Lion King (1994),8.5,Animation|Adventure|Drama,"https://images-na.ssl-images-amazon.com/images/M/MV5BYTYxNGMyZTYtMjE3MS00MzNjLWFjNmYtMDk3N2FmM2JiM2M1XkEyXkFqcGdeQXVyNjY5NDU4NzI@._V1_UX182_CR0,0,182,268_AL_.jpg"
107426,http://www.imdb.com/title/tt107426,Little Buddha (1993),6,Drama,"https://images-na.ssl-images-amazon.com/images/M/MV5BMTM1NzQ4MDY0NV5BMl5BanBnXkFtZTcwOTg4MTgyMQ@@._V1_UY268_CR0,0,182,268_AL_.jpg"
111686,http://www.imdb.com/title/tt111686,New Nightmare (1994),6.4,Fantasy|Horror|Mystery,"https://images-na.ssl-images-amazon.com/images/M/MV5BM2RmMWIyZDgtY2I4ZS00ZjgwLTlmZTYtY2E2ZmI1Y2IzOGQ4XkEyXkFqcGdeQXVyNTIzOTk5ODM@._V1_UX182_CR0,0,182,268_AL_.jpg"
110475,http://www.imdb.com/title/tt110475,The Mask (1994),6.9,Comedy|Family|Fantasy,"https://images-na.ssl-images-amazon.com/images/M/MV5BOWExYjI5MzktNTRhNi00Nzg2LThkZmQtYWVkYjRlYWI2MDQ4XkEyXkFqcGdeQXVyNTAyODkwOQ@@._V1_UX182_CR0,0,182,268_AL_.jpg"
110478,http://www.imdb.com/title/tt110478,Maverick (1994),7,Action|Adventure|Comedy,"https://images-na.ssl-images-amazon.com/images/M/MV5BY2I1OTY2NmUtMGVlZi00NjNmLThkNTgtMjExMzRhOTM2MDJiXkEyXkFqcGdeQXVyNDk3NzU2MTQ@._V1_UX182_CR0,0,182,268_AL_.jpg"
110588,http://www.imdb.com/title/tt110588,Mrs. Parker and the Vicious Circle (1994),6.4,Biography|Drama,"https://images-na.ssl-images-amazon.com/images/M/MV5BMTA1NzUxMzQ1MDheQTJeQWpwZ15BbWU3MDY3NzA0MzE@._V1_UY268_CR4,0,182,268_AL_.jpg"
110622,http://www.imdb.com/title/tt110622,Naked Gun 33 1/3: The Final Insult (1994),6.4,Comedy|Crime,"https://images-na.ssl-images-amazon.com/images/M/MV5BZWYzZjVlMmUtZjNiZS00NWQ1LWIwMDAtZGMzYWNkOWU4NjUyXkEyXkFqcGdeQXVyMTQxNzMzNDI@._V1_UY268_CR0,0,182,268_AL_.jpg"
110771,http://www.imdb.com/title/tt110771,The Paper (1994),6.6,Comedy|Drama,"https://images-na.ssl-images-amazon.com/images/M/MV5BNDI4YTJiZjgtY2RlNy00NTZjLWE2MTctZjFlNzFjODhkYjBjL2ltYWdlXkEyXkFqcGdeQXVyMTQxNzMzNDI@._V1_UX182_CR0,0,182,268_AL_.jpg"
110950,http://www.imdb.com/title/tt110950,Reality Bites (1994),6.6,Comedy|Drama|Romance,"https://images-na.ssl-images-amazon.com/images/M/MV5BZWY1ZGEyY2YtNWZhNS00OGZhLTg3OWEtODE2M2U5NjE4YmUyL2ltYWdlL2ltYWdlXkEyXkFqcGdeQXVyMTQxNzMzNDI@._V1_UX182_CR0,0,182,268_AL_.jpg"
105226,http://www.imdb.com/title/tt105226,Red Rock West (1993),7,Crime|Drama|Thriller,"https://images-na.ssl-images-amazon.com/images/M/MV5BMTk0Mjg4OTc3OF5BMl5BanBnXkFtZTYwNzgzOTg5._V1_UX182_CR0,0,182,268_AL_.jpg"
110989,http://www.imdb.com/title/tt110989,Ri??hie Ri??h (1994),5.2,Comedy|Family,"https://images-na.ssl-images-amazon.com/images/M/MV5BZTY4NDc2ODctMzA1ZC00MDc4LWE2ZjItYjIzODVkYTdmNzg0L2ltYWdlL2ltYWdlXkEyXkFqcGdeQXVyMTQxNzMzNDI@._V1_UX182_CR0,0,182,268_AL_.jpg"
111054,http://www.imdb.com/title/tt111054,Safe Passage (1994),6.4,Drama,"https://images-na.ssl-images-amazon.com/images/M/MV5BYTI1ODdiYWYtYTI0MC00OWY3LTg3YjAtODYzYTJlZjQ0YmY0XkEyXkFqcGdeQXVyMTAwMzUyOTc@._V1_UX182_CR0,0,182,268_AL_.jpg"
110997,http://www.imdb.com/title/tt110997,The River Wild (1994),6.3,Action|Adventure|Crime,"https://images-na.ssl-images-amazon.com/images/M/MV5BYWQyYTZjNTYtNGRiMi00ZTVhLTk0ZWEtZDA0OTVmMDk4OGE2XkEyXkFqcGdeQXVyNDk3NzU2MTQ@._V1_UX182_CR0,0,182,268_AL_.jpg"
111257,http://www.imdb.com/title/tt111257,Speed (1994),7.2,Action|Adventure|Crime,"https://images-na.ssl-images-amazon.com/images/M/MV5BYjc0MjYyN2EtZGRhMy00NzJiLWI2Y2QtYzhiYTU3NzAxNzg4XkEyXkFqcGdeQXVyMTQxNzMzNDI@._V1_UX182_CR0,0,182,268_AL_.jpg"
111256,http://www.imdb.com/title/tt111256,Speechless (1994),5.7,Comedy|Romance,"https://images-na.ssl-images-amazon.com/images/M/MV5BMGZiN2M4NjEtYTJmZC00ZGYxLTlkNjQtODc3M2Q2YzYyMjRjXkEyXkFqcGdeQXVyNDk3NzU2MTQ@._V1_UX182_CR0,0,182,268_AL_.jpg"
111438,http://www.imdb.com/title/tt111438,Timecop (1994),5.8,Action|Crime|Sci-Fi,"https://images-na.ssl-images-amazon.com/images/M/MV5BMTM2OTg2MDY5M15BMl5BanBnXkFtZTcwNTIwOTM4OA@@._V1_UX182_CR0,0,182,268_AL_.jpg"
111503,http://www.imdb.com/title/tt111503,True Lies (1994),7.2,Action|Comedy|Thriller,"https://images-na.ssl-images-amazon.com/images/M/MV5BYzg5YmUyNGMtMThiNS00MjA2LTgwZDctNDlhM2RkZDNmZmRkXkEyXkFqcGdeQXVyNDk3NzU2MTQ@._V1_UX182_CR0,0,182,268_AL_.jpg"
111693,http://www.imdb.com/title/tt111693,When a Man Loves a Woman (1994),6.5,Drama|Romance,"https://images-na.ssl-images-amazon.com/images/M/MV5BODBhYzRiN2ItYjgxMS00MGUwLTg2ODEtY2UzYWM1NzdlYjQ5XkEyXkFqcGdeQXVyMTQxNzMzNDI@._V1_UX182_CR0,0,182,268_AL_.jpg"
111742,http://www.imdb.com/title/tt111742,Wolf (1994),6.2,Drama|Horror|Romance,"https://images-na.ssl-images-amazon.com/images/M/MV5BMjY3NTgxZGItMWU2Mi00OTQ0LTg2OGQtYWI3NzU4MTYxMTBlXkEyXkFqcGdeQXVyMTQxNzMzNDI@._V1_UX182_CR0,0,182,268_AL_.jpg"
111756,http://www.imdb.com/title/tt111756,Wyatt Earp (1994),6.6,Adventure|Biography|Crime,"https://images-na.ssl-images-amazon.com/images/M/MV5BZjU1ZWIxZTgtMzcxMS00NTA4LTliNDMtMzY1MjA2N2EzMzQ1XkEyXkFqcGdeQXVyNTUyMzE4Mzg@._V1_UX182_CR0,0,182,268_AL_.jpg"
112443,http://www.imdb.com/title/tt112443,Bad Company (1995),5.4,Crime|Drama|Thriller,"https://images-na.ssl-images-amazon.com/images/M/MV5BMjE3MjIyODk5N15BMl5BanBnXkFtZTcwMjQyNTQyMQ@@._V1_UY268_CR2,0,182,268_AL_.jpg"
110455,http://www.imdb.com/title/tt110455,A Man of No Importance (1994),6.9,Comedy|Drama,"https://images-na.ssl-images-amazon.com/images/M/MV5BMTM0MTQxOTIwM15BMl5BanBnXkFtZTcwMTUyMTkxMQ@@._V1_UX182_CR0,0,182,268_AL_.jpg"
111048,http://www.imdb.com/title/tt111048,S.F.W. (1994),5.9,Comedy|Drama,"https://images-na.ssl-images-amazon.com/images/M/MV5BMTU4MTk0NjU3N15BMl5BanBnXkFtZTcwMzQxMTE3NA@@._V1_UY268_CR0,0,182,268_AL_.jpg"
110399,http://www.imdb.com/title/tt110399,A Low Down Dirty Shame (1994),5.8,Action|Comedy|Crime,"https://images-na.ssl-images-amazon.com/images/M/MV5BMTk4Mzk0NDU2OF5BMl5BanBnXkFtZTcwODM5NjUyMQ@@._V1_UY268_CR2,0,182,268_AL_.jpg"
112570,http://www.imdb.com/title/tt112570,"Boys Life: Three Stories of Love, Lust, and Liberation (1994)",7.2,Drama,"https://images-na.ssl-images-amazon.com/images/M/MV5BMTM0ODA1MzEwM15BMl5BanBnXkFtZTcwNjQ3ODYxMQ@@._V1_UY268_CR9,0,182,268_AL_.jpg"
109454,http://www.imdb.com/title/tt109454,Colonel Chabert (1994),7,Drama|History|Romance,"https://images-na.ssl-images-amazon.com/images/M/MV5BMTM1NTEyNjQ3MF5BMl5BanBnXkFtZTcwMzg4NTYxMQ@@._V1_UX182_CR0,0,182,268_AL_.jpg"
59170,http://www.imdb.com/title/tt59170,"Faster, Pussycat! Kill! Kill! (1965)",6.8,Action|Comedy,"https://images-na.ssl-images-amazon.com/images/M/MV5BYjMxOTM4ODMtMGQ3Yy00YmYwLWE2MGYtNWI4ZDI1NGNlNTdjXkEyXkFqcGdeQXVyNjE5MjUyOTM@._V1_UY268_CR1,0,182,268_AL_.jpg"
110186,http://www.imdb.com/title/tt110186,Jason's Lyric (1994),6.6,Crime|Drama|Romance,"https://images-na.ssl-images-amazon.com/images/M/MV5BMTgzMjQ1MjIwM15BMl5BanBnXkFtZTcwODIzOTkyMQ@@._V1_UX182_CR0,0,182,268_AL_.jpg"
108069,http://www.imdb.com/title/tt108069,The Secret Adventures of Tom Thumb (1993),7.4,Animation|Adventure|Sci-Fi,"https://images-na.ssl-images-amazon.com/images/M/MV5BMTk1NTQ4NjM4NV5BMl5BanBnXkFtZTcwNjEzMzkxMQ@@._V1_UY268_CR3,0,182,268_AL_.jpg"
111301,http://www.imdb.com/title/tt111301,Street Fighter (1994),3.8,Action|Adventure|Comedy,"https://images-na.ssl-images-amazon.com/images/M/MV5BY2JhYjUzYzAtMWFhMi00YzIyLTllZGQtMTAzNThkNTJhNTBmXkEyXkFqcGdeQXVyNDc2NjEyMw@@._V1_UX182_CR0,0,182,268_AL_.jpg"
112702,http://www.imdb.com/title/tt112702,Coldblooded (1995),6.8,Action|Comedy|Thriller,"https://images-na.ssl-images-amazon.com/images/M/MV5BMTk5NDM3OTE0OV5BMl5BanBnXkFtZTYwNTkwMjQ5._V1_UX182_CR0,0,182,268_AL_.jpg"
112849,http://www.imdb.com/title/tt112849,Desert Winds (1994),5.8,Drama|Mystery|Romance,"https://images-na.ssl-images-amazon.com/images/M/MV5BMjA0NDc0NTU3OF5BMl5BanBnXkFtZTcwMzMyNDkyMQ@@._V1_UY268_CR2,0,182,268_AL_.jpg"
113014,http://www.imdb.com/title/tt113014,Fall Time (1995),5.5,Drama|Comedy|Crime,"https://images-na.ssl-images-amazon.com/images/M/MV5BMjc0NzQwMzYyOF5BMl5BanBnXkFtZTcwMjQ5NjIyMQ@@._V1_UY268_CR3,0,182,268_AL_.jpg"
113043,http://www.imdb.com/title/tt113043,The Fear (1995),3.4,Horror,"https://images-na.ssl-images-amazon.com/images/M/MV5BMjE1NzkyNjM2OF5BMl5BanBnXkFtZTcwNzU3MjIyMQ@@._V1_UY268_CR4,0,182,268_AL_.jpg"
113104,http://www.imdb.com/title/tt113104,Frank and Ollie (1995),8,Documentary,"https://images-na.ssl-images-amazon.com/images/M/MV5BMTU3MTAzNTc1M15BMl5BanBnXkFtZTcwNjQyNTQyMQ@@._V1_UY268_CR3,0,182,268_AL_.jpg"
113173,http://www.imdb.com/title/tt113173,Girl in the Cadillac (1995),6.2,Adventure|Crime|Drama,"https://images-na.ssl-images-amazon.com/images/M/MV5BMTgxMzIwMzI2Ml5BMl5BanBnXkFtZTcwMDAyMzIyMQ@@._V1_UX182_CR0,0,182,268_AL_.jpg"
113319,http://www.imdb.com/title/tt113319,Homage (1995),6,Drama|Thriller,"https://images-na.ssl-images-amazon.com/images/M/MV5BMTIyMjU0MjkwM15BMl5BanBnXkFtZTcwMDAzOTIyMQ@@._V1_UY268_CR4,0,182,268_AL_.jpg"
113827,http://www.imdb.com/title/tt113827,Mirage (1995),5.1,Action|Thriller,"https://images-na.ssl-images-amazon.com/images/M/MV5BMjE3MTc3MzIwNF5BMl5BanBnXkFtZTcwOTQ5NDYxMQ@@._V1_UX182_CR0,0,182,268_AL_.jpg"
114047,http://www.imdb.com/title/tt114047,Open Season (1995),5.5,Comedy,"https://images-na.ssl-images-amazon.com/images/M/MV5BMjM4MTM1ODg5N15BMl5BanBnXkFtZTgwNjM4ODk1MDE@._V1_UX182_CR0,0,182,268_AL_.jpg"
